i,A_i,j,A_j,fn,cn,segment_i,segment_j,mad_score,probability,score,size,dist,precision
162,K,192,K,0,2.205355,A,A,69.43854108025538,1.0,45.05710519861467,1.0,2.674379587173462,1.0
233,V,243,A,0,1.914025,A,A,60.29052464830396,1.0,38.882802697858125,1.0,2.331489086151123,1.0
411,S,423,F,0,1.624812,A,A,51.20898386522647,0.9999999999999932,32.6453347283049,0.9999999999999949,2.99210786819458,1.0
100,C,115,T,0,1.581442,A,A,49.84712798820132,0.9999999999999836,31.738138910460407,0.9999999999999877,1.9688665866851807,1.0
168,E,199,Q,0,1.51258,A,A,47.6848010478346,0.9999999999999272,30.25122961257081,0.9999999999999453,2.621384859085083,1.0
161,T,177,M,0,1.2178,A,A,38.42845160283875,0.9999999999601776,23.946592035046663,0.9999999999700808,2.0987327098846436,1.0
84,P,109,K,0,1.179577,A,A,37.22821602092656,0.9999999999101524,23.132906183912787,0.999999999932496,2.357164144515991,1.0
164,I,196,K,0,1.135652,A,A,35.84893265919428,0.999999999771778,22.20070233665361,0.9999999998285329,3.2641706466674805,1.0
85,V,112,I,0,1.133981,A,A,35.796461799832755,0.9999999997552792,22.13090403840173,0.9999999998161371,2.3619985580444336,1.0
214,E,272,R,0,1.132918,A,A,35.76308267146574,0.9999999997454568,22.09154991293974,0.9999999998087574,29.957561492919922,0.9
176,I,192,K,0,1.098032,A,A,34.66763180390984,0.9999999994370774,21.29787889505519,0.9999999995770668,2.608241081237793,0.9090909090909091
224,I,255,V,0,1.07257,A,A,33.868102766768644,0.9999999990943608,20.822380131774697,0.999999999319578,2.316319465637207,0.9166666666666666
14,L,41,Y,0,1.05368,A,A,33.27494026925873,0.9999999978483348,19.957023808581635,0.9999999983834175,2.491950511932373,0.9230769230769231
161,T,175,A,0,1.03827,A,A,32.791052810993634,0.9999999981516958,20.108997302353547,0.9999999986113378,2.7409167289733887,0.9285714285714286
158,K,181,G,0,1.037806,A,A,32.77648280576099,0.9999999978861154,19.974738498014133,0.9999999984118028,4.262781620025635,0.9333333333333333
91,T,101,A,0,1.034473,A,A,32.671823694898066,0.9999999979882136,20.02424272915848,0.9999999984885108,2.5322344303131104,0.9375
292,F,424,M,0,0.996691,A,A,31.48543589813156,0.9999999952473332,19.164559971091435,0.9999999964292409,2.3670735359191895,0.9411764705882353
408,S,423,F,0,0.995623,A,A,31.4518997653978,0.9999999952697556,19.16928895584732,0.9999999964460872,2.30517840385437,0.9444444444444444
160,I,180,E,0,0.983091,A,A,31.05838402062309,0.9999999938289226,18.903392404385265,0.999999995363565,2.528787136077881,0.9473684210526315
137,V,153,R,0,0.950558,A,A,30.03681940805084,0.999999987964312,18.23538959015701,0.9999999909573838,4.935543060302734,0.95
101,A,112,I,0,0.94078,A,A,29.729781668471592,0.9999999840845202,17.955973616945712,0.9999999880424304,2.3660788536071777,0.9523809523809523
150,I,245,L,0,0.93902,A,A,29.674516131382266,0.9999999841647068,17.961024637274598,0.999999988102676,2.225017786026001,0.9545454545454546
298,I,409,M,0,0.933066,A,A,29.487555331478926,0.9999999820530304,17.83584454529633,0.9999999865161379,2.324310302734375,0.9565217391304348
202,D,238,F,0,0.886434,A,A,28.023269805598456,0.9999999481812368,16.775513476818688,0.9999999610676855,28.984025955200195,0.9166666666666666
245,L,252,V,0,0.863049,A,A,27.288960382397327,0.999999918993773,16.32873972977962,0.9999999391386496,2.2008345127105713,0.92
74,K,84,P,0,0.861611,A,A,27.24380592652548,0.9999999165250598,16.29871928514797,0.9999999372838636,6.90399169921875,0.8846153846153846
95,I,101,A,0,0.828973,A,A,26.218944222251867,0.9999998304077384,15.589868573693364,0.9999998725824613,2.28316330909729,0.8888888888888888
31,K,39,V,0,0.8098479999999999,A,A,25.618402519505597,0.9999997662616408,15.269063236015096,0.9999998243884115,2.0156757831573486,0.8928571428571429
93,E,171,L,0,0.808163,A,A,25.565492047917232,0.9999997138109252,15.066612856902315,0.9999997849813005,7.202677249908447,0.8620689655172413
331,A,378,L,0,0.7964680000000001,A,A,25.19825883413331,0.9999996694416418,14.92248228704354,0.9999997516459063,2.187931776046753,0.8666666666666667
11,H,39,V,0,0.7947069999999999,A,A,25.14296189617063,0.9999986563707918,13.520134896971353,0.9999989905086167,4.993466377258301,0.8709677419354839
163,K,173,P,0,0.791651,A,A,25.04700082722461,0.999999614237101,14.768042521687269,0.9999997101697997,4.816256523132324,0.875
27,L,45,F,0,0.791561,A,A,25.04417474862345,0.9999996149423864,14.769872483581237,0.9999997106996926,2.456928253173828,0.8787878787878788
150,I,177,M,0,0.787759,A,A,24.92478862816116,0.9999995601363182,14.636800532365816,0.9999996695229653,2.5240671634674072,0.8823529411764706
156,H,169,N,0,0.7837850000000001,A,A,24.800001557483323,0.999999551865264,14.61817145187347,0.9999996633087821,33.05126190185547,0.8571428571428571
166,I,195,L,0,0.7779550000000001,A,A,24.61693446587492,0.9999994850674818,14.479229462666266,0.9999996131224769,2.529407262802124,0.8611111111111112
23,E,180,E,0,0.777673,A,A,24.608079419591284,0.9999993953301226,14.318582580283216,0.9999995457012789,47.47697830200195,0.8378378378378378
227,T,233,V,0,0.765378,A,A,24.22200568179963,0.99999927987556,14.143841086431662,0.9999994589583103,2.4142956733703613,0.8421052631578947
164,I,192,K,0,0.7651479999999999,A,A,24.21478348093,0.9999993411683344,14.23279711508525,0.9999995050086099,4.327788829803467,0.8461538461538461
335,E,405,R,0,0.7601680000000001,A,A,24.05840713166588,0.9999992227380904,14.067487687966317,0.9999994160299616,2.517449378967285,0.85
408,S,427,V,0,0.758811,A,A,24.015796146535067,0.9999992666735014,14.125674072972837,0.9999994490393801,5.384263515472412,0.8292682926829268
94,S,112,I,0,0.7569779999999999,A,A,23.958238345691463,0.9999992056968884,14.045799901450849,0.999999403226618,2.2538533210754395,0.8333333333333334
143,I,175,A,0,0.7531329999999999,A,A,23.837501987675285,0.9999990866822211,13.90618104353245,0.9999993138088824,2.589892625808716,0.8372093023255814
86,E,109,K,0,0.745348,A,A,23.59304618867504,0.9999990140034823,13.829612028140682,0.9999992592041149,1.7354058027267456,0.8409090909090909
412,A,420,I,0,0.7447729999999999,A,A,23.574990686500964,0.9999989753906112,13.791198077726492,0.9999992301936108,2.434326648712158,0.8444444444444444
163,K,175,A,0,0.724144,A,A,22.927222070242,0.9999983575031772,13.319291378446117,0.9999987659643155,2.3917789459228516,0.8478260869565217
328,I,413,A,0,0.720428,A,A,22.81053642488748,0.9999982779920324,13.272017802977476,0.9999987062262456,2.349700450897217,0.851063829787234
99,N,116,G,0,0.7181420000000001,A,A,22.738754028418047,0.9999981605961098,13.206067172204303,0.9999986180247005,3.106285572052002,0.8541666666666666
165,M,173,P,0,0.717021,A,A,22.703553649396945,0.9999981419848292,13.195999894544144,0.99999860404173,2.3080735206604004,0.8571428571428571
166,I,174,A,0,0.7167680000000001,A,A,22.695609228440357,0.9999981422825484,13.196160142748075,0.9999986042654114,2.552568197250366,0.86
205,D,249,S,0,0.7131529999999999,A,A,22.5820950712938,0.9999978535041174,13.05167172097257,0.9999983873012848,2.6212940216064453,0.8627450980392157
33,M,39,V,0,0.711707,A,A,22.53668940843518,0.9999980047730148,13.12475074193959,0.9999985009521697,2.271953821182251,0.8653846153846154
50,D,117,K,0,0.710527,A,A,22.499636377886656,0.9999975131010502,12.90447153844196,0.9999981315506945,2.1492109298706055,0.8679245283018868
22,K,160,I,0,0.7097439999999999,A,A,22.47504949405657,0.9999975954789928,12.938157435191629,0.9999981934426382,40.43301010131836,0.8518518518518519
236,A,254,L,0,0.7029479999999999,A,A,22.261649158795723,0.9999972448279169,12.802027899975675,0.9999979299925452,2.3187458515167236,0.8545454545454545
191,V,255,V,0,0.701221,A,A,22.207419850526826,0.9999973378283696,12.836365703653009,0.9999979998653608,2.264387845993042,0.8571428571428571
263,M,287,I,0,0.688427,A,A,21.80567707693541,0.9999965042633874,12.563962946915945,0.9999973735938702,2.1248207092285156,0.8596491228070176
191,V,242,V,0,0.6856899999999999,A,A,21.71973288658683,0.9999963945041512,12.533047646482723,0.9999972911298969,2.5905845165252686,0.8620689655172413
158,K,180,E,0,0.685371,A,A,21.70971600798939,0.9999963081003552,12.509365731549227,0.9999972262132614,1.9423489570617676,0.864406779661017
200,L,212,L,0,0.6831699999999999,A,A,21.64060268575438,0.9999962628735024,12.497189820855734,0.9999971922335609,2.1722915172576904,0.8666666666666667
244,I,255,V,0,0.681457,A,A,21.58681298971232,0.9999956822674684,12.3527758527409,0.9999967560144127,2.473175048828125,0.8688524590163934
191,V,244,I,0,0.6787489999999999,A,A,21.501779424690785,0.9999956933895432,12.355355093622013,0.999996764370616,2.4766769409179688,0.8709677419354839
18,L,29,K,0,0.678059,A,A,21.4801128220819,0.9999954973464916,12.310839163761534,0.9999966170801506,2.7679617404937744,0.873015873015873
14,L,31,K,0,0.677868,A,A,21.47411525527277,0.999993743624526,11.98190328188934,0.9999952994791323,5.612104892730713,0.859375
46,S,144,D,0,0.676135,A,A,21.419697541763792,0.99999517342055,12.241367702948036,0.9999963737091039,18.302518844604492,0.8461538461538461
169,N,181,G,0,0.662457,A,A,20.990196396134326,0.9999935879699022,11.957328217185047,0.9999951825331769,32.36312484741211,0.8333333333333334
331,A,409,M,0,0.661617,A,A,20.963819662523512,0.9999939993627132,12.02363887926542,0.9999954916195641,2.3222832679748535,0.835820895522388
188,I,242,V,0,0.653881,A,A,20.72090250631723,0.9999929459300636,11.86189875767682,0.9999947001577709,2.776038408279419,0.8382352941176471
97,N,155,S,0,0.651197,A,A,20.636622562256004,0.9999919295774417,11.727296644983848,0.9999939365548305,27.595783233642578,0.8260869565217391
278,L,403,V,0,0.6344420000000001,A,A,20.11050092934025,0.9999892346512304,11.439167263805931,0.9999919118111197,22.3887996673584,0.8142857142857143
102,V,113,L,0,0.633601,A,A,20.084092794856087,0.9999884098048228,11.36533947033763,0.9999912920900421,2.3760757446289062,0.8169014084507042
24,N,160,I,0,0.631626,A,A,20.02207606999732,0.9999866935241156,11.227246426069978,0.9999900026192754,36.88151931762695,0.8055555555555556
147,L,161,T,0,0.626063,A,A,19.84739301157236,0.999986406518164,11.205906563299958,0.9999897869868424,2.5716655254364014,0.8082191780821918
23,E,162,K,0,0.62434,A,A,19.793289306796837,0.9999828821174156,10.975369757681827,0.9999871390448619,35.555912017822266,0.7972972972972973
135,P,270,Y,0,0.613647,A,A,19.45751976810581,0.999981977876982,10.92389247589676,0.9999864596737076,2.3862838745117188,0.8
165,M,171,L,0,0.608924,A,A,19.309213443291657,0.99998044026262,10.842017759900632,0.9999853044379925,2.0683274269104004,0.8026315789473685
103,F,110,A,0,0.60595,A,A,19.21582724596003,0.999980616657416,10.851077106889113,0.9999854369663906,2.5832467079162598,0.8051948051948052
432,T,442,F,0,0.605517,A,A,19.20223066780112,0.9999788878589552,10.76564116563354,0.9999841380908236,2.272104501724243,0.8076923076923077
295,S,412,A,0,0.604635,A,A,19.174535097509764,0.9999792615875812,10.783502166301185,0.9999844188794709,2.135867118835449,0.810126582278481
81,D,114,T,0,0.604219,A,A,19.161472334197736,0.999978290159458,10.737723208941002,0.9999836890290672,4.334908485412598,0.8125
174,A,246,V,0,0.6016020000000001,A,A,19.07929624865071,0.9999778390372696,10.717156091307643,0.9999833500933256,2.340724468231201,0.8148148148148148
287,I,401,F,0,0.597669,A,A,18.955796613780063,0.9999762893775344,10.64956369403266,0.9999821858077176,2.436715602874756,0.8170731707317073
183,A,242,V,0,0.596747,A,A,18.926845008554857,0.9999765062323984,10.658751886383133,0.9999823487344502,2.895695686340332,0.8192771084337349
206,S,246,V,0,0.5952109999999999,A,A,18.87861326709508,0.9999745848701328,10.58014048176476,0.9999809051824349,2.823544502258301,0.8214285714285714
29,K,43,L,0,0.585745,A,A,18.58137259999985,0.9999678090500888,10.34379301210457,0.9999758143940631,2.268178701400757,0.8235294117647058
27,L,43,L,0,0.5838939999999999,A,A,18.52324958343601,0.999966599474158,10.306905513247353,0.9999749056191779,2.596682548522949,0.8255813953488372
91,T,110,A,0,0.570637,A,A,18.106968205485305,0.9999587078153108,10.094796015569877,0.9999689764822125,1.979056715965271,0.8275862068965517
16,L,88,A,0,0.5696220000000001,A,A,18.075096319038902,0.999940991556406,9.737771002351298,0.9999556659568094,2.466782569885254,0.8295454545454546
127,T,136,K,0,0.566141,A,A,17.965789878920745,0.999947122652933,9.847482653863551,0.999960272353482,7.638071537017822,0.8202247191011236
99,N,114,T,0,0.5641729999999999,A,A,17.9039929601754,0.9999482313214428,9.868673482620752,0.9999611053149127,2.4271934032440186,0.8222222222222222
179,I,237,L,0,0.562416,A,A,17.848821625706115,0.9999458096778364,9.822954031538677,0.999959285893052,2.2797582149505615,0.8241758241758241
118,K,152,Q,0,0.5614180000000001,A,A,17.817483554106598,0.9999401147287243,9.723020084567064,0.9999550071813199,15.214170455932617,0.8152173913043478
286,S,340,L,0,0.560959,A,A,17.803070553240683,0.999949284653907,9.8892312922546,0.999961896701435,17.396366119384766,0.8064516129032258
164,I,176,I,0,0.560085,A,A,17.775626189936098,0.9999410731319662,9.739154479151924,0.9999557272459095,3.2055954933166504,0.8085106382978723
29,K,41,Y,0,0.556581,A,A,17.665597529730977,0.9999431451199124,9.774951643485348,0.9999572839655501,2.4182448387145996,0.8105263157894737
101,A,110,A,0,0.5559430000000001,A,A,17.645563772536097,0.9999419910922804,9.754855967247773,0.9999564169250426,3.0274839401245117,0.8125
126,P,138,A,0,0.554087,A,A,17.58728375160553,0.99994072769369,9.73330909692773,0.9999554677122814,2.280491352081299,0.8144329896907216
295,S,408,S,0,0.551623,A,A,17.509911999680465,0.999932515083366,9.60353895513616,0.9999492974390352,1.6967118978500366,0.8163265306122449
170,K,202,D,0,0.549029,A,A,17.428458134220396,0.9999249461082336,9.497229088872295,0.9999436107398105,1.8725008964538574,0.8181818181818182
241,R,261,I,0,0.547263,A,A,17.373004191890992,0.999921374959206,9.450741695970926,0.9999409276750559,2.5093626976013184,0.82
99,N,112,I,0,0.5465,A,A,17.349045325527833,0.9999269562785704,9.524379326018742,0.999945121014834,2.4179580211639404,0.8217821782178217
154,T,234,S,0,0.5435909999999999,A,A,17.257700184963703,0.9999231420427884,9.4734746903135,0.9999422553148832,2.0507006645202637,0.8235294117647058
169,N,182,K,0,0.541409,A,A,17.189183479322278,0.9999153064765696,9.376386726930168,0.9999363683212598,32.960140228271484,0.8155339805825242
431,L,442,F,0,0.540596,A,A,17.163654569291804,0.9999154131198934,9.377646794402022,0.9999364484441954,2.561445713043213,0.8173076923076923
93,E,165,M,0,0.539119,A,A,17.117275479359456,0.9999151359385086,9.374374990590814,0.9999362401931259,8.674474716186523,0.8095238095238095
34,L,40,F,0,0.5367109999999999,A,A,17.041662176341777,0.999899325617836,9.203518508731152,0.9999243616314004,2.3102457523345947,0.8113207547169812
143,I,245,L,0,0.534547,A,A,16.97371068642058,0.9999099317214858,9.31485245277074,0.9999323301767247,2.443739175796509,0.8130841121495327
120,T,142,D,0,0.532751,A,A,16.917314717890786,0.9998986037103932,9.196372657694234,0.9999238192501105,2.2507448196411133,0.8148148148148148
120,T,145,T,0,0.5319689999999999,A,A,16.892759234934047,0.9998953643367884,9.1649214748177,0.999921385453851,3.8162879943847656,0.8165137614678899
233,V,254,L,0,0.5238970000000001,A,A,16.639291385283443,0.9998865156793988,9.083732384308178,0.9999147373076706,2.23163104057312,0.8181818181818182
83,R,94,S,0,0.5169739999999999,A,A,16.421903139107627,0.999865295505084,8.912292391706877,0.9998987942312684,6.180497169494629,0.8108108108108109
158,K,169,N,0,0.5100720000000001,A,A,16.20517431127209,0.999845002078149,8.771943838611726,0.9998835474358706,31.095104217529297,0.8035714285714286
20,K,92,I,0,0.501251,A,A,15.928187207485166,0.9997776729807204,8.411138848424637,0.9998329619445141,2.3005611896514893,0.8053097345132744
194,R,215,D,0,0.501063,A,A,15.92228384329608,0.9998081228773223,8.558463481335977,0.9998558394676088,1.7427653074264526,0.8070175438596491
21,L,96,L,0,0.495697,A,A,15.753786756920316,0.9997579248393704,8.326020194448217,0.9998181248314126,3.215576171875,0.808695652173913
139,F,233,V,0,0.4951,A,A,15.735040435532628,0.9997588016653496,8.329649770142323,0.999818783605623,2.2431626319885254,0.8103448275862069
177,M,245,L,0,0.494666,A,A,15.721412456500373,0.9997724093022696,8.387734111079276,0.9998290072537348,2.7021431922912598,0.811965811965812
404,L,427,V,0,0.493882,A,A,15.696794171796943,0.9997816125932396,8.429021565852965,0.9998359218421312,2.88864803314209,0.8135593220338984
242,V,255,V,0,0.49078,A,A,15.599388662677,0.9997504901731746,8.295762716515393,0.9998125390407672,1.7312724590301514,0.8151260504201681
150,I,159,L,0,0.48815,A,A,15.516804365776467,0.999730287710094,8.217885011385132,0.9997973605880539,2.756671667098999,0.8166666666666667
39,V,105,N,0,0.4843,A,A,15.39591100339356,0.9996843731478297,8.060634213015915,0.9997628641996978,1.9484000205993652,0.8181818181818182
31,K,41,Y,0,0.481014,A,A,15.292727733577914,0.9997148687439282,8.162275764181091,0.9997857760575983,2.4072797298431396,0.819672131147541
125,E,138,A,0,0.4807,A,A,15.282867859347204,0.9996959095633524,8.097881275144749,0.9997715317040904,3.071979522705078,0.8211382113821138
85,V,91,T,0,0.478871,A,A,15.225435661996984,0.9996828525115896,8.055826431373573,0.9997617217199333,2.7842674255371094,0.8225806451612904
79,Q,113,L,0,0.478037,A,A,15.199247333626245,0.9996692593779116,8.013845313516649,0.9997515089683529,7.200072765350342,0.816
184,K,439,S,0,0.4751689999999999,A,A,15.109189628869313,0.9996527558103344,7.965135004401475,0.9997391095584852,2.352778911590576,0.8174603174603174
137,V,152,Q,0,0.4731979999999999,A,A,15.047298507503932,0.9996601669364452,7.986716159653818,0.9997446776630662,7.001086235046387,0.8110236220472441
294,S,385,I,0,0.470765,A,A,14.970900182652604,0.9996409204085616,7.931607346801625,0.9997302174206586,2.161144495010376,0.8125
140,V,146,N,0,0.4692939999999999,A,A,14.924709497960324,0.9995661464747588,7.742369632607039,0.9996740384976294,1.7449136972427368,0.813953488372093
154,T,238,F,0,0.4667239999999999,A,A,14.844009253460566,0.9996005308293888,7.824974416690754,0.9996998720456844,2.476928472518921,0.8153846153846154
20,K,157,P,0,0.466161,A,A,14.826330561766651,0.9994837943978327,7.56848907914944,0.9996121659873085,42.75433349609375,0.8091603053435115
125,E,136,K,0,0.4625859999999999,A,A,14.714072439553949,0.9995766509710288,7.766890152890513,0.999681930703608,2.1602227687835693,0.8106060606060606
123,L,137,V,0,0.4580909999999999,A,A,14.572925513862732,0.9995365006746304,7.676242021698279,0.9996517651058354,2.2741403579711914,0.8120300751879699
260,G,445,N,0,0.4564939999999999,A,A,14.522778319128836,0.999399785118302,7.417622435617462,0.9995490483926003,9.537761688232422,0.8059701492537313
198,I,209,L,0,0.456233,A,A,14.514582691185476,0.9995175958189164,7.63624572475895,0.9996375615675164,2.3619720935821533,0.8074074074074075
40,F,104,I,0,0.4523149999999999,A,A,14.391554069415024,0.9994503105370732,7.505607211454317,0.9995870089955513,2.4185996055603027,0.8088235294117647
11,H,31,K,0,0.451085,A,A,14.352930995199186,0.997885477097833,6.156809308439929,0.998411323126614,2.9611868858337402,0.8102189781021898
187,V,242,V,0,0.450169,A,A,14.324167795214056,0.999397567961288,7.413933084206279,0.9995473826049801,2.595674514770508,0.8115942028985508
233,V,252,V,0,0.4499899999999999,A,A,14.318547038885084,0.9994368575691752,7.481414675286123,0.9995769015528955,2.5010714530944824,0.8129496402877698
173,P,247,D,0,0.449946,A,A,14.317165400457853,0.9993271494699316,7.303314270985451,0.9994944759996358,1.9141377210617065,0.8142857142857143
328,I,410,F,0,0.4495659999999999,A,A,14.305233068586292,0.9994204385038324,7.452659051950349,0.9995645656309881,3.7090954780578613,0.8156028368794326
28,V,46,S,0,0.448428,A,A,14.269498874718304,0.9994204547476282,7.452687096331056,0.9995645778352269,2.23207950592041,0.8169014084507042
48,M,148,A,0,0.447945,A,A,14.254332252892086,0.9993769661926968,7.380286547341196,0.9995319041472732,18.445749282836914,0.8111888111888111
30,N,82,A,0,0.4452779999999999,A,A,14.170586123677742,0.9993491291482418,7.336548237072542,0.9995109897042544,14.228842735290527,0.8055555555555556
339,E,406,F,0,0.4445409999999999,A,A,14.147443680021585,0.99932872328568,7.305657612941966,0.9994956584340657,2.68768572807312,0.8068965517241379
130,K,350,N,0,0.4426199999999999,A,A,14.087122602323516,0.9993076610386236,7.274742314956088,0.9994798340110879,4.403989791870117,0.8082191780821918
47,E,148,A,0,0.43964,A,A,13.99354799975181,0.9992594373101188,7.207359431944306,0.9994436027070215,20.67728614807129,0.8027210884353742
14,L,43,L,0,0.438841,A,A,13.968458701948189,0.9989080945179044,6.818738458217711,0.9991796329159873,2.439978837966919,0.8040540540540541
47,E,147,L,0,0.435828,A,A,13.873847870556055,0.9992134474927632,7.147064215060453,0.9994090497782405,20.42271614074707,0.7986577181208053
182,K,468,E,0,0.426928,A,A,13.594380097774785,0.9982361102652374,6.338468384769238,0.9986747597645081,1.8766024112701416,0.8
327,P,378,L,0,0.424156,A,A,13.507336876859092,0.9987677593784784,6.69768812281036,0.9990741967486603,3.9740233421325684,0.8013245033112583
23,E,160,I,0,0.420164,A,A,13.381984590461022,0.9987556111796572,6.68786561324017,0.999065069601113,41.37480926513672,0.7960526315789473
243,A,254,L,0,0.419936,A,A,13.374825191338084,0.9989512407708242,6.859098190491915,0.9992120494266417,2.1723403930664062,0.7973856209150327
97,N,173,P,0,0.4198119999999999,A,A,13.370931483043153,0.9988861591091888,6.798826512925125,0.9991631524718648,6.787991046905518,0.7922077922077922
139,F,150,I,0,0.4194029999999999,A,A,13.358088525844554,0.9988141153088144,6.7360796196943085,0.9991090247443248,2.1049466133117676,0.7935483870967742
286,S,391,T,0,0.4181829999999999,A,A,13.319779460362176,0.9988844877889522,6.797325462590248,0.9991618967806614,2.31345534324646,0.7948717948717948
25,D,163,K,0,0.417714,A,A,13.305052450762808,0.9987539872400972,6.686559828297614,0.9990638495078142,28.652902603149414,0.7898089171974523
298,I,331,A,0,0.417647,A,A,13.30294859224861,0.9988941675412302,6.8060504269474205,0.999169169342509,2.4674313068389893,0.7911392405063291
155,S,247,D,0,0.417321,A,A,13.292711907537743,0.9986880806255332,6.634951262042625,0.9990143327519286,19.219919204711914,0.7861635220125787
269,Y,455,D,0,0.413605,A,A,13.176026262183228,0.9984649714028832,6.477670060112434,0.9988467070138012,5.926872253417969,0.78125
54,V,100,C,0,0.41131,A,A,13.103961257853676,0.9986177696793253,6.582673723533222,0.998961506947076,1.9406524896621704,0.782608695652174
13,N,103,F,0,0.4111329999999999,A,A,13.098403303271397,0.9972552519716948,5.895317479444964,0.9979378243142356,2.402670383453369,0.7839506172839507
243,A,252,V,0,0.409093,A,A,13.034345521645127,0.998652509415444,6.608162843281708,0.9989876074992634,2.4105148315429688,0.7852760736196319
292,F,408,S,0,0.406783,A,A,12.96180950421538,0.9985938272714172,6.565476479767279,0.9989435186104647,2.934135675430298,0.7865853658536586
299,T,420,I,0,0.40617,A,A,12.942560768854154,0.998108938109894,6.268723908865322,0.9985792131700847,2.0593366622924805,0.7878787878787878
147,L,177,M,0,0.405354,A,A,12.916937656203649,0.9984894504226152,6.49377004423156,0.9988650985159654,2.7734603881835938,0.7891566265060241
176,I,191,V,0,0.404626,A,A,12.894077820407608,0.9985482551431788,6.533536296803273,0.9989092794985925,2.2727768421173096,0.7904191616766467
232,K,266,P,0,0.403848,A,A,12.869647940944256,0.9984853609064788,6.491062303179477,0.9988620259932215,2.855633020401001,0.7916666666666666
337,T,363,V,0,0.403393,A,A,12.855360543571727,0.9982753981737632,6.361032989849029,0.9987042774356646,7.466920375823975,0.7869822485207101
170,K,238,F,0,0.4007489999999999,A,A,12.772336634444349,0.9983558801927443,6.408904636688327,0.9987647449397751,29.239913940429688,0.7823529411764706
10,I,41,Y,0,0.400445,A,A,12.7627907689471,0.9908051598430556,4.679875431143672,0.9930917608426707,2.330435037612915,0.783625730994152
176,I,242,V,0,0.399209,A,A,12.723979289491188,0.9983447408950225,6.402141092948288,0.998756375796713,2.4701428413391113,0.7848837209302325
53,K,115,T,0,0.39831,A,A,12.695749904352942,0.9980943837666284,6.261042406397813,0.9985682782454595,2.352419376373291,0.7861271676300579
17,V,43,L,0,0.395751,A,A,12.615395069459993,0.99777397869141,6.105310951005624,0.9983275524852451,3.01116943359375,0.7873563218390804
33,M,75,K,0,0.394864,A,A,12.587542494801902,0.9981930586426168,6.314311145078845,0.9986424143512005,16.640336990356445,0.7828571428571428
338,I,386,A,0,0.392902,A,A,12.525933981296635,0.998044147191771,6.234971193631743,0.9985305346558335,2.3579976558685303,0.7840909090909091
335,E,406,F,0,0.391492,A,A,12.481658749878482,0.998033353285076,6.229456778640151,0.9985224250109003,2.7629153728485107,0.7853107344632768
220,P,430,H,0,0.389545,A,A,12.42052124947341,0.9979544344388568,6.190033309118412,0.9984631319449636,2.3765225410461426,0.7865168539325843
137,V,149,L,0,0.388856,A,A,12.39888604773787,0.9977248474143016,6.083430413513911,0.99829063932454,2.6986308097839355,0.7877094972067039
26,D,151,R,0,0.3886449999999999,A,A,12.39226046346182,0.997663288774155,6.056671351641064,0.9982443892754828,31.56830596923828,0.7833333333333333
302,S,327,P,0,0.388585,A,A,12.390376411061048,0.9980315201180012,6.228523247712831,0.9985210477214258,2.5393459796905518,0.7845303867403315
454,D,460,L,0,0.384194,A,A,12.252495176197838,0.9978265425911051,6.129260280563626,0.9983670446334432,7.240854740142822,0.7802197802197802
10,I,105,N,0,0.3829369999999999,A,A,12.213024278401653,0.9872867417432188,4.352315109577631,0.9904483137273022,2.2892978191375732,0.7814207650273224
262,L,397,M,0,0.382926,A,A,12.212678868794846,0.9970272256144878,5.815282423809402,0.9977665042496263,3.083181858062744,0.782608695652174
10,I,103,F,0,0.382311,A,A,12.193367331686924,0.9868365959154792,4.317063907926258,0.990110111542096,2.0887203216552734,0.7837837837837838
296,I,420,I,0,0.382133,A,A,12.1877779762313,0.997609837132566,6.034000746124182,0.9982042301517627,2.6192989349365234,0.7849462365591398
131,V,265,S,0,0.380659,A,A,12.141493088918986,0.9975256655775084,5.999306438685574,0.9981409906367024,3.452310562133789,0.786096256684492
219,S,430,H,0,0.379915,A,A,12.118130839149408,0.997496286994992,5.987473594390592,0.9981189180100267,2.049457550048828,0.7872340425531915
169,N,179,I,0,0.378559,A,A,12.075551254891948,0.9971931624708176,5.872886079783829,0.9978911754205193,29.479509353637695,0.783068783068783
451,K,467,K,0,0.377981,A,A,12.057401550097836,0.9970456134630142,5.821505492021474,0.9977803193516881,8.945446968078613,0.7789473684210526
150,I,233,V,0,0.377077,A,A,12.02901516059286,0.997330796364433,5.923302342580749,0.9979945820961136,2.323296546936035,0.7801047120418848
285,A,336,V,0,0.376109,A,A,11.99861911519373,0.9972234481124984,5.883765035702549,0.9979139295361096,19.053354263305664,0.7760416666666666
28,V,44,Y,0,0.375869,A,A,11.99108290559064,0.996839706171316,5.753924973841931,0.9976256177156606,1.9067027568817139,0.7772020725388601
335,E,382,V,0,0.375694,A,A,11.985587752755054,0.997244796907898,5.891505115802568,0.9979299692477113,2.9631857872009277,0.7783505154639175
153,R,234,S,0,0.373523,A,A,11.91741645672043,0.997139130811566,5.853764818985953,0.9978505805197048,2.4213476181030273,0.7794871794871795
221,F,431,L,0,0.373234,A,A,11.908341604323375,0.9969131626938332,5.777516626329284,0.997680806845276,2.9000942707061768,0.7806122448979592
177,M,243,A,0,0.372596,A,A,11.888307847128493,0.996874443421732,5.765012455274681,0.9976517164002974,1.7930572032928467,0.7817258883248731
83,R,90,K,0,0.3715469999999999,A,A,11.855368330988318,0.9968683565409964,5.763060788139029,0.9976471432236977,7.551226615905762,0.7777777777777778
119,K,148,A,0,0.370879,A,A,11.834392547593051,0.9968144972618443,5.7459545695869,0.9976066778349718,13.95471477508545,0.7738693467336684
203,I,209,L,0,0.370641,A,A,11.826919139736653,0.996903992882181,5.77454121455729,0.9976739174104583,2.7298688888549805,0.775
445,N,456,S,0,0.369563,A,A,11.79306899826944,0.9970213656257934,5.8133072678543485,0.9977621015408603,6.3714375495910645,0.7711442786069652
119,K,145,T,0,0.36883,A,A,11.770052158106663,0.9967666653660466,5.73100270673201,0.9975707409214551,8.361455917358398,0.7673267326732673
290,T,392,V,0,0.367454,A,A,11.72684455638228,0.9963942703402552,5.621618880605727,0.99729095423074,4.315757751464844,0.7684729064039408
118,K,142,D,0,0.3673909999999999,A,A,11.724866301361468,0.9965142816183414,5.655589313020583,0.9973811207367852,1.8796590566635132,0.7696078431372549
201,E,468,E,0,0.366752,A,A,11.704801143293242,0.9939816446004256,5.106904707731097,0.995478307645983,37.450347900390625,0.7658536585365854
214,E,223,Q,0,0.36625,A,A,11.689037904873445,0.9964882508177668,5.648123093271559,0.9973615633553891,2.084812641143799,0.7669902912621359
332,L,409,M,0,0.365365,A,A,11.661248131962047,0.9964932342862396,5.649548186541422,0.9973653075196655,2.4617252349853516,0.7681159420289855
260,G,284,F,0,0.364642,A,A,11.638545300532735,0.9963514783456632,5.609778025898812,0.9972588038803679,2.612851619720459,0.7692307692307693
328,I,409,M,0,0.364402,A,A,11.631009090929648,0.9962824526536256,5.590966669032742,0.9972069437087437,2.6093626022338867,0.7703349282296651
21,L,92,I,0,0.364177,A,A,11.623943894426748,0.9957528393623964,5.457248399140752,0.996809036272153,2.2592403888702393,0.7714285714285715
191,V,437,F,0,0.363696,A,A,11.608840074347222,0.9963603386540958,5.612218337472202,0.9972654607801742,2.2799766063690186,0.7725118483412322
224,I,253,L,0,0.363234,A,A,11.594332870861273,0.9960092400398894,5.519774855731564,0.9970016744442135,2.232267379760742,0.7735849056603774
54,V,115,T,0,0.362782,A,A,11.580139676108786,0.9960513557727884,5.530426531898591,0.9970333167077207,2.276538848876953,0.7746478873239436
132,V,267,D,0,0.361541,A,A,11.54117119228614,0.9961098523608952,5.5454104346302096,0.9970772661852138,2.2012698650360107,0.7757009345794392
92,I,157,P,0,0.360701,A,A,11.514794458675324,0.9960038917937154,5.518430225930885,0.9969976562162713,35.696807861328125,0.772093023255814
144,D,173,P,0,0.359956,A,A,11.491400808032395,0.9959996320230328,5.51736053699925,0.9969944557784031,6.606281280517578,0.7685185185185185
291,L,404,L,0,0.359691,A,A,11.48307957659565,0.9961453346982652,5.554608983923886,0.9971039246662997,2.1454696655273438,0.7695852534562212
221,F,441,Y,0,0.358336,A,A,11.440531393211534,0.9959103791206896,5.495205001520356,0.9969273985610564,2.2693538665771484,0.7706422018348624
147,L,175,A,0,0.35825,A,A,11.437830918103762,0.9958255362399864,5.47458616848553,0.9968636546676672,2.3456900119781494,0.771689497716895
43,L,103,F,0,0.357752,A,A,11.42219328317735,0.9958997874343996,5.492607819862107,0.9969194408477388,2.2248716354370117,0.7727272727272727
254,L,261,I,0,0.3569179999999999,A,A,11.396004954806608,0.9953761235507392,5.371887267785652,0.9965260033018289,5.509748458862305,0.7692307692307693
169,N,201,E,0,0.35691,A,A,11.39575374781984,0.9950845264563168,5.310439589175392,0.9963069214655523,2.318166971206665,0.7702702702702703
83,R,99,N,0,0.3533989999999999,A,A,11.285505281501294,0.9954855364667168,5.395944233439261,0.9966082070789009,5.434563159942627,0.7668161434977578
133,R,210,E,0,0.353069,A,A,11.275142993297049,0.9956351085169606,5.429787505267452,0.9967205830937852,22.409852981567383,0.7633928571428571
70,L,111,Y,0,0.3513949999999999,A,A,11.22257793131549,0.991733230320969,4.787210324473426,0.9937890359129111,6.628323078155518,0.76
177,M,252,V,0,0.350665,A,A,11.199655293772755,0.9948628325234298,5.266103017922664,0.9961403590585968,5.492607116699219,0.7566371681415929
224,I,437,F,0,0.347917,A,A,11.113365693817371,0.994421169991418,5.183181750654073,0.9958085305171659,2.338839530944824,0.7577092511013216
156,H,179,I,0,0.347887,A,A,11.112423667616984,0.9948416721236883,5.261971129005426,0.9961244608918443,2.5217678546905518,0.7587719298245614
225,Q,254,L,0,0.344213,A,A,10.997056858943008,0.993902993073594,5.09384162645272,0.9954192154216303,1.8225969076156616,0.759825327510917
290,T,401,F,0,0.343157,A,A,10.96389753668941,0.9938968819678464,5.092833667402919,0.9954146240443686,2.8787922859191895,0.7608695652173914
217,K,463,K,0,0.342323,A,A,10.93770920831867,0.9946906064853628,5.23295412751674,0.9960109627189346,37.7869873046875,0.7575757575757576
335,E,342,R,0,0.342183,A,A,10.933313086050202,0.9940677888499492,5.121408383641095,0.9955430292798102,6.73929500579834,0.7543103448275862
211,E,459,R,0,0.340936,A,A,10.894156196987478,0.9920272004475342,4.823714834302562,0.9940099006484322,28.658544540405273,0.7510729613733905
155,S,173,P,0,0.340082,A,A,10.867339851149817,0.9940912429863624,5.125393506076282,0.9955606507697768,20.117801666259766,0.7478632478632479
41,Y,103,F,0,0.338518,A,A,10.81822888523634,0.9933326978631812,5.003850350230117,0.9949907429700634,1.744361162185669,0.7489361702127659
154,T,179,I,0,0.337812,A,A,10.796059868653916,0.993996306942038,5.109358701759556,0.9954893237115954,2.696988582611084,0.75
263,M,284,F,0,0.333999,A,A,10.676328338584815,0.993231097137624,4.988624348131779,0.9949144086239815,2.7504448890686035,0.7510548523206751
258,S,439,S,0,0.333354,A,A,10.656074775276512,0.9927983511130418,4.926217561163698,0.9945892792056155,5.796353816986084,0.7478991596638656
292,F,420,I,0,0.331079,A,A,10.584637788413884,0.9926433832897964,4.904771327978651,0.9944728492550782,2.2839086055755615,0.7489539748953975
223,Q,434,Q,0,0.329736,A,A,10.542466415509924,0.9922217573216892,4.848616192136962,0.9941560745234995,3.5605075359344482,0.75
443,S,452,N,0,0.3282719999999999,A,A,10.49649553693107,0.9912846613408068,4.73391720208028,0.9934520184399995,11.597776412963867,0.7468879668049793
187,V,439,S,0,0.3275949999999999,A,A,10.475237145675688,0.992124459862344,4.8360867917176265,0.9940829732942139,2.9792332649230957,0.7479338842975206
169,N,468,E,0,0.327453,A,A,10.470778221660526,0.983873436261295,4.111029433070421,0.9878838395022288,39.00865173339844,0.7448559670781894
225,Q,232,K,0,0.327331,A,A,10.466947315112288,0.9921391147248968,4.837964103551421,0.9940939837406823,2.4322454929351807,0.7459016393442623
120,T,140,V,0,0.326463,A,A,10.439691357047778,0.9909191957894046,4.692470234812499,0.9931774379807682,3.4668703079223633,0.746938775510204
304,H,416,G,0,0.32488,A,A,10.389983774540728,0.9916481289253084,4.776882741054386,0.9937250977928554,2.9017059803009033,0.7479674796747967
168,E,201,E,0,0.324646,A,A,10.382635970177711,0.990204059943592,4.615943023163244,0.9926401443064327,2.829099178314209,0.7489878542510121
225,Q,257,V,0,0.321499,A,A,10.28381742175719,0.991006217672808,4.702187322396951,0.9932428189957951,2.1229732036590576,0.75
122,S,140,V,0,0.320158,A,A,10.241708850599922,0.990491792208094,4.646046175902859,0.9928563224305252,3.3693580627441406,0.751004016064257
223,Q,272,R,0,0.319955,A,A,10.235334473310642,0.991083490277852,4.710894196031184,0.9933008752128519,26.742273330688477,0.748
335,E,409,M,0,0.319353,A,A,10.216431147556223,0.9906353812607596,4.661407912689231,0.9929642033179857,2.538153648376465,0.749003984063745
259,L,397,M,0,0.318348,A,A,10.184873269843282,0.9875132330327078,4.370520456291193,0.990618480469533,2.17167329788208,0.75
271,E,399,L,0,0.318245,A,A,10.18163897988862,0.9906641120250697,4.664509642802079,0.9929857892278698,22.752166748046875,0.7470355731225297
236,A,261,I,0,0.317971,A,A,10.17303514059176,0.990674722465128,4.665657521291022,0.9929937610312114,5.6697096824646,0.7440944881889764
432,T,446,G,0,0.317126,A,A,10.146501402614213,0.9888837416720592,4.488168022420115,0.9916481668247304,8.101223945617676,0.7411764705882353
211,E,462,I,0,0.316523,A,A,10.127566675986449,0.9856637308914812,4.230522625136432,0.9892289181829135,31.70867347717285,0.73828125
174,A,209,L,0,0.315243,A,A,10.087373558103298,0.9902041582190204,4.615953154722282,0.9926402181424268,4.188547611236572,0.7392996108949417
407,I,426,V,0,0.314927,A,A,10.077450882125897,0.9900828412549209,4.603522154218136,0.9925490706523632,5.962205410003662,0.7364341085271318
337,T,384,V,0,0.314733,A,A,10.071359112696731,0.9895078816378982,4.546583387166863,0.9921170937531019,11.66844654083252,0.7335907335907336
220,P,274,I,0,0.314391,A,A,10.060620014012327,0.9883136081419488,4.437574988694172,0.9912198158463134,28.036136627197266,0.7307692307692307
42,Y,102,V,0,0.31315,A,A,10.02165153018968,0.9892386006957654,4.520969963880522,0.9919147784200443,2.332578659057617,0.7318007662835249
221,F,404,L,0,0.3120469999999999,A,A,9.98701636688881,0.987784624695341,4.392769253647131,0.9908223816226553,2.627520799636841,0.732824427480916
319,N,376,S,0,0.311392,A,A,9.966448794847045,0.9893280816919774,4.529410172993764,0.9919820070081782,3.3114659786224365,0.7338403041825095
194,R,213,I,0,0.310693,A,A,9.944499584378043,0.9892189646002204,4.519127098032024,0.9919000254888539,1.7594330310821533,0.7348484848484849
47,E,144,D,0,0.310673,A,A,9.943871566911117,0.9869650244327036,4.326998429575794,0.9902066020624818,15.740229606628418,0.7320754716981132
32,K,42,Y,0,0.3094739999999999,A,A,9.906221919769012,0.9883066874315822,4.436975958916726,0.9912146161993881,3.1447110176086426,0.7330827067669173
164,I,195,L,0,0.308073,A,A,9.862229296210971,0.9863299214389576,4.278781506869817,0.9897294384255458,2.74745774269104,0.7340823970037453
128,T,251,F,0,0.307322,A,A,9.838647240327967,0.9882453342645676,4.431680735316184,0.9911685205257753,2.249941110610962,0.7350746268656716
25,D,162,K,0,0.306958,A,A,9.827217322429949,0.9856150804677096,4.227085490335875,0.9891923662954655,35.22001647949219,0.7323420074349443
58,I,113,L,0,0.30669,A,A,9.818801888373164,0.9865587814684468,4.295896914029985,0.989901384842262,3.2730140686035156,0.7333333333333333
17,V,103,F,0,0.304202,A,A,9.740676515487792,0.983863762056231,4.1104198875853095,0.9878765711080971,2.1446101665496826,0.7343173431734318
195,L,244,I,0,0.304005,A,A,9.73449054343859,0.9876201456927216,4.379227657105905,0.9906988057619488,2.4706180095672607,0.7352941176470589
42,Y,100,C,0,0.300335,A,A,9.619249338257998,0.9857189635502188,4.234438752354949,0.9892704154149852,2.9480020999908447,0.7362637362637363
137,V,248,S,0,0.30028,A,A,9.617522290223956,0.9857701746616,4.238083101009645,0.9893088911904088,14.482965469360352,0.7335766423357665
159,L,237,L,0,0.299699,A,A,9.599278382809809,0.986102642227396,4.262061715041045,0.9895586797041154,2.3607027530670166,0.7345454545454545
208,T,462,I,0,0.299634,A,A,9.597237326042304,0.9816591503744712,3.980113358603892,0.9862202090086281,33.0595588684082,0.7318840579710145
22,K,180,E,0,0.298705,A,A,9.568065914703675,0.983695182306072,4.099855446796214,0.9877499142863033,46.4239616394043,0.7292418772563177
290,T,389,S,0,0.298692,A,A,9.567657703350177,0.9860605229944588,4.258992847974066,0.9895270348109702,2.3452892303466797,0.7302158273381295
74,K,111,Y,0,0.298363,A,A,9.55732681601927,0.9837478979187834,4.103147403671326,0.9877895204190602,3.202667236328125,0.7311827956989247
136,K,251,F,0,0.298329,A,A,9.5562591863255,0.9847435468762124,4.167378679565096,0.9885375683456433,12.10216999053955,0.7285714285714285
334,M,374,V,0,0.298274,A,A,9.554532138291458,0.9853243288715064,4.206779757420323,0.9889739196963225,2.115323305130005,0.7295373665480427
291,L,401,F,0,0.297178,A,A,9.520116781104011,0.984478935939119,4.14991442912747,0.9883387616664749,2.2853493690490723,0.7304964539007093
182,K,201,E,0,0.29594,A,A,9.481242499901404,0.9836933880142174,4.099743582087864,0.9877485662044402,31.882747650146484,0.7279151943462897
172,K,246,V,0,0.295453,A,A,9.4659502745818,0.9841779892415108,4.130404707501132,0.9881126553149561,2.4725875854492188,0.7288732394366197
301,V,327,P,0,0.293934,A,A,9.418252347968906,0.9827989469341304,4.045433962445757,0.9870765574704206,2.488264560699463,0.7298245614035088
289,I,388,A,0,0.293788,A,A,9.41366782046036,0.9835814060122668,4.092785933822663,0.98766443222956,2.5612852573394775,0.7307692307692307
259,L,442,F,0,0.29245,A,A,9.371653451923128,0.9829125753227292,4.052177385612491,0.9871619284034769,2.235982656478882,0.7317073170731707
205,D,270,Y,0,0.291774,A,A,9.35042646154109,0.9837226371007028,4.10156862107258,0.9877705415385543,21.257951736450195,0.7291666666666666
319,N,377,I,0,0.29175,A,A,9.349672840580784,0.9834208311429125,4.082890118326681,0.987543789610306,2.9413998126983643,0.7301038062283737
260,G,456,S,0,0.291636,A,A,9.346093141019317,0.979869565268164,3.8851866305064338,0.9848756634052521,4.835150241851807,0.7310344827586207
85,V,94,S,0,0.2882969999999999,A,A,9.241245624916315,0.9822151239981874,4.011461918260201,0.9866379214095227,3.651618242263794,0.7319587628865979
286,S,388,A,0,0.286722,A,A,9.191789249396036,0.9810315382196582,3.9458269144024536,0.9857486733658664,2.344186305999756,0.7328767123287672
221,F,427,V,0,0.286596,A,A,9.187832739354416,0.9783224202166716,3.809560751998157,0.9837132671216455,2.4847757816314697,0.7337883959044369
131,V,266,P,0,0.286306,A,A,9.178726486084017,0.9816599238436352,3.980156319350619,0.9862207901291125,2.2706708908081055,0.7346938775510204
225,Q,236,A,0,0.28401,A,A,9.106630080881114,0.9807748288017746,3.932122480575357,0.9855558032319208,4.617795944213867,0.735593220338983
255,V,437,F,0,0.283358,A,A,9.086156711459386,0.9787530821998393,3.830067556266552,0.9840368307643963,2.5336766242980957,0.7364864864864865
133,R,226,N,0,0.282325,A,A,9.05371960929275,0.9782323870790656,3.805324037108852,0.9836456237003298,15.586929321289062,0.734006734006734
316,I,377,I,0,0.282306,A,A,9.053122992699173,0.9782349800184292,3.805445813979517,0.9836475718195944,2.1480720043182373,0.7348993288590604
91,T,103,F,0,0.282028,A,A,9.044393549908929,0.980638640839724,3.924924749799432,0.9854534829092033,2.1726162433624268,0.7357859531772575
82,A,113,L,0,0.281967,A,A,9.04247809663481,0.9794654457462756,3.8648979188087376,0.9845720415632516,2.441741466522217,0.7366666666666667
369,V,376,S,0,0.278646,A,A,8.938195796252044,0.9756418024472971,3.6902270653460025,0.9816992735856906,2.5831313133239746,0.7375415282392026
210,E,226,N,0,0.278627,A,A,8.937599179658466,0.9763201426171498,3.719165760290557,0.9822089220454113,1.9720286130905151,0.7384105960264901
293,L,381,V,0,0.278527,A,A,8.934459092323845,0.9780523558568056,3.7969033967650505,0.983510363193575,2.0990970134735107,0.7392739273927392
369,V,380,I,0,0.27793,A,A,8.915712770936159,0.97763915132242,3.777829033286472,0.9831999156277983,6.084033966064453,0.7368421052631579
131,V,267,D,0,0.277494,A,A,8.90202199015721,0.9753385020216792,3.6775413511452033,0.9814713988384491,2.4616758823394775,0.7377049180327869
18,L,43,L,0,0.277126,A,A,8.890466468765807,0.9739764277680972,3.6223843502896855,0.9804480493801468,2.221935510635376,0.738562091503268
221,F,259,L,0,0.27708,A,A,8.889022028591878,0.9760171902751164,3.706142886997821,0.9819813088192629,4.336888790130615,0.739413680781759
121,R,141,E,0,0.276949,A,A,8.884908514183525,0.977544964357938,3.7735293963401366,0.9831291513659909,1.8819241523742676,0.7402597402597403
49,T,100,C,0,0.276879,A,A,8.88271045304929,0.9776660567666154,3.779060517169344,0.983220130143762,2.798339605331421,0.7411003236245954
85,V,110,A,0,0.276779,A,A,8.87957036571467,0.9762945517144695,3.7180594284847386,0.9821896951667545,1.7938125133514404,0.7419354838709677
278,L,339,E,0,0.276403,A,A,8.867763637336495,0.9745108221545704,3.643681660363187,0.9808495489345793,22.240074157714844,0.7395498392282959
226,N,251,F,0,0.276377,A,A,8.866947214629493,0.9775321123430976,3.772944068301995,0.9831194954295465,2.6052656173706055,0.7403846153846154
162,K,180,E,0,0.276282,A,A,8.863964131661604,0.9765940104727832,3.731079066256029,0.9824146836042776,6.7963385581970215,0.7380191693290735
239,N,269,Y,0,0.27495,A,A,8.822138168364452,0.9763875585959196,3.722085845058573,0.9822595728121912,4.301479816436768,0.7388535031847133
126,P,228,E,0,0.274543,A,A,8.809358012912544,0.975633427160346,3.689874701486372,0.9816929810907388,2.341919183731079,0.7396825396825397
38,L,107,L,0,0.273956,A,A,8.790925700258317,0.9762560287729544,3.7163962213891946,0.9821607522282706,4.7900710105896,0.740506329113924
218,Y,464,N,0,0.2737469999999999,A,A,8.78436291772896,0.9776788920043532,3.779648507175362,0.9832297734752848,35.56624221801758,0.7381703470031545
454,D,465,K,0,0.273648,A,A,8.781254231267685,0.9749170753892924,3.660165096259649,0.9811547738711737,3.5914463996887207,0.7389937106918238
281,S,458,I,0,0.273608,A,A,8.779998196333837,0.9699452458890124,3.47421876721081,0.9774193541519457,3.291569232940674,0.7398119122257053
259,L,431,L,0,0.273121,A,A,8.764705971014232,0.9749458125476664,3.66134091525283,0.9811763645850264,2.430767059326172,0.740625
187,V,437,F,0,0.273104,A,A,8.764172156167348,0.973370633820431,3.5987503297281203,0.9799929061259838,2.55747652053833,0.7414330218068536
88,A,103,F,0,0.272675,A,A,8.750701181501823,0.9747255317362924,3.6523611988042175,0.9810108638801998,4.581787586212158,0.7422360248447205
281,S,457,I,0,0.272461,A,A,8.743981394605735,0.9698122844284094,3.469667459086776,0.977319457954418,2.473323106765747,0.7430340557275542
407,I,423,F,0,0.2719,A,A,8.72636550465851,0.9744492289601568,3.641204924132233,0.980803272924316,2.420010805130005,0.7438271604938271
226,N,253,L,0,0.271701,A,A,8.720116730862616,0.9718065188588618,3.540065943961067,0.9788177600614907,2.4615468978881836,0.7446153846153846
82,A,111,Y,0,0.2711659999999999,A,A,8.70331726362239,0.9741249390472042,3.628259962345518,0.9805596284197082,2.235706090927124,0.745398773006135
350,N,356,I,0,0.270791,A,A,8.691541936117563,0.9728607608414314,3.579260348945188,0.9796098299203437,6.652231216430664,0.7431192660550459
177,M,237,L,0,0.270226,A,A,8.673800442676955,0.9697272190670048,3.466765824749782,0.9772555469075094,2.7523515224456787,0.7439024390243902
275,S,399,L,0,0.268121,A,A,8.607701604283182,0.973043648403175,3.586209990433181,0.979747236443335,21.94304656982422,0.7416413373860182
340,L,391,T,0,0.268052,A,A,8.605534944022294,0.9728629226468825,3.5793422303089875,0.979611454121397,15.917854309082031,0.7393939393939394
18,L,31,K,0,0.267874,A,A,8.599945588566667,0.9709712687750268,3.5100108071072773,0.9781902225255658,7.2363200187683105,0.7371601208459214
287,I,392,V,0,0.267382,A,A,8.584496358880333,0.9724383195272224,3.5633802294794457,0.979292442605428,2.9181418418884277,0.7379518072289156
32,K,59,K,0,0.267023,A,A,8.573223445349043,0.9724102687299988,3.5623341545189167,0.9792713675663336,4.325101375579834,0.7387387387387387
293,L,384,V,0,0.266937,A,A,8.570522970241267,0.9725183952216676,3.5663721270126603,0.9793526048310321,3.0019118785858154,0.7395209580838323
142,D,152,Q,0,0.266153,A,A,8.54590468553784,0.970140158724118,3.4809260781024536,0.9775657954665047,11.4374361038208,0.7373134328358208
49,T,115,T,0,0.265472,A,A,8.52452069078907,0.9712903443191336,3.521391938314228,0.9784299493865357,2.6746788024902344,0.7388724035608308
14,L,29,K,0,0.264728,A,A,8.501158441019491,0.9585093147168392,3.139910329417331,0.9688273453540045,5.972341060638428,0.7366863905325444
304,H,417,L,0,0.264545,A,A,8.495412081197133,0.9684745940054084,3.4249284899263284,0.9763144284810583,2.370567560195923,0.7374631268436578
271,E,396,G,0,0.264008,A,A,8.47854981221022,0.9637391747153244,3.280082727090222,0.9727566277572008,21.01566505432129,0.7352941176470589
182,K,469,V,0,0.262838,A,A,8.441810790395154,0.9427069408975648,2.8005759773693573,0.9569547542340141,8.052964210510254,0.7331378299120235
225,Q,261,I,0,0.262788,A,A,8.440240746727843,0.9704608787624236,3.492055562961787,0.9778067578638215,2.371159076690674,0.7339181286549707
345,G,353,G,0,0.262157,A,A,8.420426795646385,0.9692266285502634,3.4498487106293565,0.9768794447729955,4.288368225097656,0.7346938775510204
150,I,234,S,0,0.261629,A,A,8.403847134519586,0.9680487389961906,3.4110707881291704,0.9759944763992594,3.6197752952575684,0.7354651162790697
220,P,403,V,0,0.261166,A,A,8.38930853016029,0.9679032718632964,3.4063780587870616,0.9758851844783112,4.118885517120361,0.736231884057971
40,F,102,V,0,0.260911,A,A,8.381301307457006,0.9647503482274088,3.3094137109508512,0.9735163395446603,3.114633083343506,0.7369942196531792
345,G,355,T,0,0.260889,A,A,8.38061048824339,0.9690752746570356,3.44478625485071,0.9767657300292955,7.727167129516602,0.7348703170028819
143,I,173,P,0,0.260441,A,A,8.366542896984287,0.9659795768507228,3.3461816668718223,0.9744398798307276,2.68259596824646,0.735632183908046
280,R,455,D,0,0.26006,A,A,8.354579164239382,0.9557778448156088,3.073299594130802,0.9667751457500238,5.37646484375,0.7335243553008596
190,E,438,G,0,0.25964,A,A,8.341390797433972,0.963828940370404,3.282654489767292,0.9728240702143638,4.280425548553467,0.7342857142857143
25,D,175,A,0,0.258859,A,A,8.316866715350583,0.9633037053075734,3.2676929483250268,0.9724294522149297,32.04519271850586,0.7321937321937322
273,W,461,P,0,0.257926,A,A,8.28756970051857,0.953115505610654,3.0120490876662176,0.9647748852091299,2.7652125358581543,0.7329545454545454
43,L,95,I,0,0.257893,A,A,8.286533471698142,0.9634382627017056,3.271506145169524,0.9725305474643507,2.5955915451049805,0.7337110481586402
204,Q,238,F,0,0.256603,A,A,8.246026345081534,0.9648987470961012,3.313786345442396,0.9736278341283731,25.256484985351562,0.731638418079096
175,A,245,L,0,0.256575,A,A,8.245147120627838,0.9635940738495584,3.27593855298897,0.9726476110189501,1.8348376750946045,0.7323943661971831
71,D,84,P,0,0.256553,A,A,8.244456301414223,0.955383255698676,3.0640033535093014,0.9664786842626979,11.736204147338867,0.7303370786516854
274,I,403,V,0,0.25503,A,A,8.196632771307945,0.9602981179793224,3.185845183184328,0.9701713035448721,27.91256332397461,0.7282913165266106
263,M,392,V,0,0.254083,A,A,8.166896144249083,0.9622563352671578,3.23846323598317,0.9716425453626177,2.5181262493133545,0.729050279329609
259,L,287,I,0,0.2531739999999999,A,A,8.138352750377376,0.9606500937248308,3.1951166432065303,0.9704357488844374,4.159173488616943,0.7298050139275766
13,N,88,A,0,0.25289,A,A,8.129434902347054,0.920524236600595,2.449491217868326,0.9402885127524755,4.835779190063477,0.7305555555555555
370,E,376,S,0,0.252733,A,A,8.124504965231699,0.9625841700590496,3.247527636426196,0.9718888531948178,6.78853702545166,0.7285318559556787
89,K,171,L,0,0.251513,A,A,8.086195899749322,0.9592388598487912,3.1584109353927783,0.9693754649690891,7.658766269683838,0.7265193370165746
86,E,108,D,0,0.250688,A,A,8.0602901792387,0.955013340146959,3.055359311012629,0.9662007604428536,3.6935153007507324,0.7272727272727273
200,L,462,I,0,0.250487,A,A,8.05397860369611,0.9479823654482242,2.9027531131472486,0.9609182700570574,38.850589752197266,0.7252747252747253
28,V,81,D,0,0.250085,A,A,8.041355452610935,0.9600336353516256,3.1789301040905142,0.9699725932667267,18.551904678344727,0.7232876712328767
116,G,173,P,0,0.2482869999999999,A,A,7.984896682334448,0.9586755061211706,3.1440972544059376,0.9689522077711228,11.352117538452148,0.7213114754098361
124,T,138,A,0,0.247744,A,A,7.967846008107455,0.95314842158951,3.0127859341223964,0.964799615541594,2.0005578994750977,0.7220708446866485
38,L,105,N,0,0.247646,A,A,7.964768722519527,0.9470903839054706,2.8848094299127016,0.9602481092150974,2.8373098373413086,0.7228260869565217
159,L,177,M,0,0.2474719999999999,A,A,7.959304970557286,0.9500282771207684,2.9450344465085445,0.962455398151452,2.1910955905914307,0.7235772357723578
294,S,409,M,0,0.247281,A,A,7.95330740374816,0.9572182483126676,3.107919770891692,0.9678573452957353,2.2515857219696045,0.7243243243243244
216,N,223,Q,0,0.2468769999999999,A,A,7.94062145091629,0.954940948891296,3.053675628560286,0.9661463716662697,1.8500293493270874,0.7250673854447439
205,D,246,V,0,0.245602,A,A,7.900585337399874,0.9563211672260614,3.0862301967431742,0.9671833530801,3.972723960876465,0.7258064516129032
298,I,413,A,0,0.244311,A,A,7.8600468099099166,0.9536117988416636,3.023211527665393,0.9651477587200836,2.709111213684082,0.7265415549597856
449,S,470,N,0,0.243769,A,A,7.843027536556271,0.931675500392626,2.6127161704387607,0.9486666461258584,18.45076560974121,0.7245989304812834
166,I,198,I,0,0.24318,A,A,7.824532422155353,0.953646409153366,3.0239942010134198,0.9651737620335148,2.9396965503692627,0.7253333333333334
129,E,232,K,0,0.243175,A,A,7.824375417788621,0.9453612053797148,2.850822927749199,0.9589489480988905,1.7525545358657837,0.726063829787234
77,L,113,L,0,0.2430469999999999,A,A,7.820356106000307,0.9516732404912231,2.9802363067556925,0.9636912869949971,3.3294758796691895,0.726790450928382
213,I,224,I,0,0.242415,A,A,7.8005107540455025,0.9491596061719298,2.926885775287958,0.9618027509535484,2.1337437629699707,0.7275132275132276
277,S,458,I,0,0.242269,A,A,7.795926226536956,0.9451728888154954,2.8471830606278825,0.9588074626743797,2.271965980529785,0.7282321899736148
366,Q,376,S,0,0.241389,A,A,7.76829345799229,0.951304177770368,2.9722406212766206,0.963414003921425,6.52644157409668,0.7263157894736842
130,K,351,P,0,0.239963,A,A,7.723515812600595,0.949075412670788,2.925142402280197,0.9617394949500232,9.489439010620117,0.7244094488188977
198,I,212,L,0,0.2398699999999999,A,A,7.720595531379396,0.947183206487787,2.8866633352498985,0.9603178483934731,2.2350337505340576,0.725130890052356
443,S,449,S,0,0.2398219999999999,A,A,7.719088289458778,0.9467899458893414,2.878829893005406,0.96002238504459,6.41395902633667,0.7232375979112271
206,S,253,L,0,0.238669,A,A,7.682883082490598,0.947402594277014,2.8910573311265697,0.9604826781556343,2.389317274093628,0.7239583333333334
345,G,351,P,0,0.238651,A,A,7.682317866770368,0.9441372651091828,2.8273740444755315,0.9580293810418454,8.570219039916992,0.7220779220779221
128,T,138,A,0,0.2385929999999999,A,A,7.680496616116286,0.943689689296082,2.818919736148641,0.9576931097521698,6.090570449829102,0.7202072538860104
335,E,402,R,0,0.23853,A,A,7.678518361095476,0.949395892403464,2.9317931287936583,0.9619802768016502,6.077404499053955,0.7183462532299741
222,P,441,Y,0,0.238339,A,A,7.672520794286349,0.9498034576695128,2.9403089300801675,0.9622864874896043,2.5681354999542236,0.7190721649484536
452,N,469,V,0,0.238096,A,A,7.66489038206322,0.930183372644471,2.589509545935008,0.9475455852741635,11.38962173461914,0.7172236503856041
215,D,435,T,0,0.237594,A,A,7.6491271436434225,0.946341419504212,2.8699620215345067,0.959685399574048,1.6937141418457031,0.717948717948718
307,L,417,L,0,0.237508,A,A,7.646426668535648,0.949833681341748,2.940943038543854,0.9623091950465003,2.72169828414917,0.7186700767263428
47,E,118,K,0,0.237165,A,A,7.635656168977898,0.9402630091685305,2.756208192680208,0.9551185869292891,6.465171813964844,0.7168367346938775
133,R,206,S,0,0.2368199999999999,A,A,7.624822867673455,0.9473017129766635,2.8890346904344604,0.9604068843258963,22.170612335205078,0.7150127226463104
153,R,172,K,0,0.236392,A,A,7.611383293881278,0.9454156668170304,2.851877786314329,0.9589898658992444,21.274906158447266,0.7131979695431472
219,S,434,Q,0,0.236228,A,A,7.6062335506525,0.9486148076922006,2.9156527798112784,0.9613934346276223,2.999910593032837,0.7139240506329114
319,N,375,S,0,0.2351639999999999,A,A,7.572823021412131,0.94121044189809,2.773202495197081,0.9558304091871601,2.6611220836639404,0.7146464646464646
61,L,78,D,0,0.2333739999999999,A,A,7.5166154581224145,0.9471768173445768,2.886535629103589,0.9603130481219564,6.185654640197754,0.7128463476070529
445,N,457,I,0,0.2332949999999999,A,A,7.514134789128064,0.9489202859184152,2.921937363417838,0.9616229455933406,7.649910926818848,0.7110552763819096
16,L,92,I,0,0.232531,A,A,7.49014452189156,0.9245809375333768,2.5062805334335287,0.9433363808779754,3.435377359390259,0.7117794486215538
408,S,424,M,0,0.2321239999999999,A,A,7.477364366439652,0.943409146487358,2.813652692606896,0.9574823331879823,5.882827281951904,0.71
263,M,397,M,0,0.230735,A,A,7.433748553361767,0.9265596343411182,2.5350046835209445,0.9448230093059201,3.2032620906829834,0.7107231920199502
63,K,78,D,0,0.229953,A,A,7.409193070405031,0.9428438495731722,2.803113676454852,0.9570576160410349,10.25780963897705,0.7089552238805971
153,R,248,S,0,0.229557,A,A,7.396758324559931,0.9385774775927432,2.7265888249827928,0.9538522185059105,17.862043380737305,0.707196029776675
221,F,430,H,0,0.2291949999999999,A,A,7.385391208408603,0.9338148699678968,2.646822390716297,0.9502739907256145,2.361137628555298,0.7079207920792079
52,N,117,K,0,0.229176,A,A,7.384794591815026,0.9381220614504888,2.718716358547825,0.9535100566441378,4.6605329513549805,0.7086419753086419
164,I,174,A,0,0.228975,A,A,7.378483016272437,0.9316236512356204,2.611901938911352,0.9486276909759497,1.8392537832260132,0.7093596059113301
291,L,427,V,0,0.228733,A,A,7.370884004922654,0.9376444360210636,2.71051790508852,0.9531512085687203,2.9270033836364746,0.7107843137254902
389,S,398,G,0,0.228606,A,A,7.366896094007685,0.9324167397754374,2.6244195378581194,0.9492235518296975,4.415033340454102,0.7114914425427873
212,L,463,K,0,0.228598,A,A,7.366644887020915,0.9171197593516268,2.403841380721097,0.9377306713283593,37.784637451171875,0.7097560975609756
264,Q,280,R,0,0.227994,A,A,7.3476787595198045,0.929734683470006,2.582620945508231,0.9472084774972362,2.7133712768554688,0.7104622871046229
210,E,253,L,0,0.227266,A,A,7.324818923723763,0.9376394821816452,2.7104331799224752,0.9531474866652543,2.509077310562134,0.7111650485436893
70,L,84,P,0,0.227075,A,A,7.318821356914637,0.9052494943293844,2.2569634092065067,0.928812340151868,11.007453918457031,0.7094430992736077
20,K,158,K,0,0.226969,A,A,7.315492864339939,0.9233163208895696,2.488282988235184,0.9423862529726892,42.16251754760742,0.7077294685990339
85,V,101,A,0,0.226248,A,A,7.292852834657322,0.9319709333670853,2.617366562495669,0.948888609923781,5.933653354644775,0.7060240963855422
17,V,29,K,0,0.225553,A,A,7.271029227681706,0.9233267849665616,2.488430788306956,0.9423941148109797,6.892244815826416,0.7043269230769231
21,L,95,I,0,0.2251,A,A,7.256804632055872,0.9254806802335522,2.519254839354886,0.9440123728089693,2.6009321212768555,0.7050359712230215
25,D,147,L,0,0.224374,A,A,7.2340075980065235,0.9211961076066212,2.458710551087604,0.9407933008198351,30.663711547851562,0.7033492822966507
339,E,402,R,0,0.2236719999999999,A,A,7.211964184917483,0.9304234382700712,2.593212038621801,0.9477259506450447,1.753955364227295,0.7040572792362768
162,K,196,K,0,0.223281,A,A,7.199686443439116,0.927625176559596,2.550769250246021,0.9456235692234208,9.257506370544434,0.7023809523809523
138,A,228,E,0,0.222072,A,A,7.161722787563547,0.9294847793027337,2.578801848951365,0.947020720263346,2.4303719997406006,0.7014218009478673
226,N,394,Q,0,0.221378,A,A,7.139930581461278,0.9291158626017992,2.573186772120903,0.9467435468970138,2.813415288925171,0.7021276595744681
355,T,361,G,0,0.221034,A,A,7.129128681030181,0.9310065331099956,2.602254477195409,0.948164039675071,5.950493335723877,0.7004716981132075
139,F,252,V,0,0.219869,A,A,7.092546663581847,0.921635077954282,2.4647729468870248,0.9411231066775614,2.769622564315796,0.7011764705882353
392,V,398,G,0,0.219332,A,A,7.075684394594933,0.9240437284762378,2.498601595705161,0.9429327666137952,2.567183494567871,0.7018779342723005
135,P,153,R,0,0.219295,A,A,7.074522562281121,0.923242386793147,2.487239231178674,0.9423307050337092,2.215484619140625,0.702576112412178
190,E,215,D,0,0.21873,A,A,7.056781068840514,0.9227834536897824,2.4807808310818027,0.9419859008194823,4.94649600982666,0.7016317016317016
166,I,209,L,0,0.21866,A,A,7.054583007706278,0.9249159290943736,2.5110944147619056,0.9435880657120294,2.4667699337005615,0.7023255813953488
143,I,247,D,0,0.218156,A,A,7.038756967539788,0.9199718304722586,2.441964358731151,0.9398734806712881,2.0758299827575684,0.703016241299304
407,I,427,V,0,0.2180969999999999,A,A,7.036904316012362,0.9254798773434618,2.5192431976199305,0.9440117695840445,5.943717002868652,0.7013888888888888
209,L,246,V,0,0.218038,A,A,7.035051664484936,0.923198812502578,2.4866245072288704,0.9422979669311187,2.269439220428467,0.7020785219399538
237,L,243,A,0,0.2174869999999999,A,A,7.0177497832711735,0.9188375306596676,2.426656377377351,0.9390212620086749,2.558927059173584,0.7027649769585254
191,V,213,I,0,0.217482,A,A,7.017592778904443,0.9229780711183728,2.4835153039733333,0.9421321201901226,4.111087799072266,0.7034482758620689
97,N,171,L,0,0.2169,A,A,6.9993174706169485,0.917819140959995,2.413077940453534,0.9382561285772486,6.815279483795166,0.7018348623853211
295,S,420,I,0,0.21653,A,A,6.987699147478852,0.9214765011597116,2.4625793478676243,0.9410039652457369,2.40779447555542,0.7009132420091324
455,D,465,K,0,0.2151679999999999,A,A,6.944931157981311,0.9133520265774764,2.355267749756055,0.9348999098751457,8.113482475280762,0.6993166287015945
289,I,384,V,0,0.214794,A,A,6.93318723134983,0.9198763351897062,2.4406679914681773,0.9398017334479533,2.2404744625091553,0.7
123,L,149,L,0,0.214466,A,A,6.9228877448922725,0.9124087299847116,2.3434067229030573,0.9341911951669088,2.3553097248077393,0.7006802721088435
408,S,420,I,0,0.2136719999999999,A,A,6.897955451455381,0.9185321433819847,2.4225683544326677,0.9387918193741289,3.6413233280181885,0.7013574660633484
48,M,152,Q,0,0.2135159999999999,A,A,6.893056915213372,0.916396486222476,2.3943635662056915,0.9371872639752179,23.580265045166016,0.6997742663656885
51,E,81,D,0,0.2134059999999999,A,A,6.889602819145289,0.919718834320132,2.438532964463475,0.9396834003768031,15.662116050720215,0.6981981981981982
204,Q,234,S,0,0.213377,A,A,6.88869219381825,0.9157697541537984,2.3862109019120847,0.9367163895560772,21.17950439453125,0.6966292134831461
156,H,171,L,0,0.213168,A,A,6.882129411288892,0.919269018719988,2.432456400937384,0.9393454462971831,26.49538803100586,0.695067264573991
195,L,209,L,0,0.212821,A,A,6.871233308237757,0.9180325296539056,2.415910359885157,0.9384164511174824,2.1373143196105957,0.6957494407158836
200,L,208,T,0,0.212382,A,A,6.857448324838771,0.916417808469724,2.394641906039394,0.9372032837407436,2.857023000717163,0.6964285714285714
169,N,238,F,0,0.212317,A,A,6.855407268071267,0.913470941322441,2.356771269054548,0.9349892525372829,33.050662994384766,0.6948775055679287
204,Q,235,S,0,0.210901,A,A,6.810943631413035,0.9157753723141776,2.3862837390581344,0.9367206105751337,23.51199722290039,0.6933333333333334
97,N,165,M,0,0.210852,A,A,6.809404988619069,0.913450623168464,2.3565142404979342,0.9349739871640397,6.748531341552734,0.6917960088691796
70,L,107,L,0,0.210312,A,A,6.792448517012115,0.9118084053647384,2.3359182266155623,0.9337401611112842,2.5137271881103516,0.6909492273730684
208,T,235,S,0,0.20969,A,A,6.772917173790773,0.9137148417761491,2.3598609290382004,0.9351724990794781,22.180217742919922,0.6894273127753304
176,I,188,I,0,0.209182,A,A,6.756965530130898,0.909577931533008,2.3084923225991547,0.9320643683404745,3.5606677532196045,0.6885964912280702
32,K,40,F,0,0.208419,A,A,6.733006663767739,0.911595837795948,2.3332776792468835,0.9335804554962619,1.7927860021591187,0.6877729257641921
334,M,378,L,0,0.206948,A,A,6.686815979075464,0.9041690306939854,2.244430420615733,0.9280005695210869,2.941844940185547,0.6876355748373102
356,I,386,A,0,0.206882,A,A,6.684743521434615,0.9048486339525268,2.252298723992533,0.9285111669607344,10.031806945800781,0.6861471861471862
244,I,253,L,0,0.20542,A,A,6.638835444602455,0.9052971648095036,2.2575193103099838,0.9288481557910512,1.8091940879821777,0.6868250539956804
127,T,350,N,0,0.2052699999999999,A,A,6.634125313600523,0.9010266263752842,2.208683948523058,0.9256396279286202,6.67046594619751,0.6853448275862069
154,T,170,K,0,0.2050449999999999,A,A,6.627060117097626,0.9049669884631112,2.2536741450963795,0.9286000887092923,26.491056442260742,0.6845493562231759
242,V,437,F,0,0.203723,A,A,6.585548162533937,0.9006862361660782,2.204872787364307,0.9253838869987214,6.3488264083862305,0.6829787234042554
