i,A_i,j,A_j,fn,cn,segment_i,segment_j,probability,size,dist,precision
19,K,47,E,0,1.695658,B_1,B_1,1.0,1.0,4.206354141235352,1.0
15,R,48,F,0,1.395625,B_1,B_1,1.0,1.0,2.2132797241210938,1.0
15,R,47,E,0,1.394443,B_1,B_1,1.0,1.0,1.9112614393234253,1.0
290,L,321,K,0,1.3622379999999998,B_1,B_1,1.0,1.0,2.7199716567993164,1.0
196,A,246,T,0,1.257426,B_1,B_1,1.0,1.0,2.416731834411621,1.0
248,I,281,A,0,1.251194,B_1,B_1,1.0,1.0,2.2231311798095703,1.0
203,T,230,S,0,1.212656,B_1,B_1,1.0,1.0,2.2023561000823975,1.0
144,K,164,D,0,1.156706,B_1,B_1,1.0,1.0,1.7777105569839478,1.0
227,D,320,R,0,1.104841,B_1,B_1,1.0,1.0,1.7220473289489746,1.0
257,A,277,I,0,1.094096,B_1,B_1,1.0,1.0,3.211137294769287,1.0
98,M,113,V,0,1.085353,B_1,B_1,1.0,1.0,3.0376787185668945,1.0
208,I,257,A,0,1.077413,B_1,B_1,1.0,1.0,3.0034408569335938,1.0
244,I,276,E,0,1.048493,B_1,B_1,1.0,1.0,2.3853540420532227,1.0
26,V,41,T,0,1.020981,B_1,B_1,1.0,1.0,2.5317087173461914,1.0
160,S,190,T,0,1.013064,B_1,B_1,1.0,1.0,2.5801613330841064,1.0
244,I,280,R,0,1.009649,B_1,B_1,1.0,1.0,2.636052131652832,1.0
138,A,239,V,0,1.002068,B_1,B_1,1.0,1.0,2.9350972175598145,1.0
234,V,246,T,0,1.001819,B_1,B_1,1.0,1.0,2.824554204940796,1.0
221,A,233,V,0,0.9941,B_1,B_1,1.0,1.0,3.010775327682495,1.0
25,L,70,L,0,0.98506,B_1,B_1,1.0,1.0,2.5157663822174072,1.0
76,R,165,N,0,0.971455,B_1,B_1,1.0,1.0,1.8408509492874146,1.0
205,L,319,A,0,0.96348,B_1,B_1,1.0,1.0,2.4671590328216553,1.0
94,V,115,I,0,0.951916,B_1,B_1,1.0,1.0,2.2470149993896484,1.0
14,L,78,V,0,0.946693,B_1,B_1,1.0,1.0,2.428342580795288,1.0
17,E,163,R,0,0.942556,B_1,B_1,1.0,1.0,1.6889067888259888,1.0
16,T,159,I,0,0.909519,B_1,B_1,1.0,1.0,2.79339861869812,1.0
87,V,117,S,0,0.8867649999999999,B_1,B_1,1.0,1.0,5.551905632019043,0.9629629629629629
258,I,322,V,0,0.872518,B_1,B_1,1.0,1.0,2.309041738510132,0.9642857142857143
110,T,165,N,0,0.86856,B_1,B_1,1.0,1.0,2.600539207458496,0.9655172413793104
217,S,260,V,0,0.852361,B_1,B_1,1.0,1.0,2.98945689201355,0.9666666666666667
218,L,233,V,0,0.849506,B_1,B_1,1.0,1.0,2.3537938594818115,0.967741935483871
216,E,315,V,0,0.8492540000000001,B_1,B_1,1.0,1.0,3.6025590896606445,0.96875
68,L,98,M,0,0.848941,B_1,B_1,1.0,1.0,2.5070650577545166,0.9696969696969697
252,E,284,S,0,0.8438680000000001,B_1,B_1,1.0,1.0,1.817192792892456,0.9705882352941176
261,Q,270,A,0,0.841361,B_1,B_1,1.0,1.0,1.905949592590332,0.9714285714285714
160,S,193,L,0,0.833307,B_1,B_1,1.0,1.0,2.46628475189209,0.9722222222222222
17,E,159,I,0,0.825441,B_1,B_1,1.0,1.0,2.516709089279175,0.972972972972973
205,L,231,A,0,0.824499,B_1,B_1,1.0,1.0,2.5387957096099854,0.9736842105263158
251,V,257,A,0,0.8210209999999999,B_1,B_1,1.0,1.0,2.1658666133880615,0.9743589743589743
265,K,293,A,0,0.809381,B_1,B_1,1.0,1.0,2.422441005706787,0.975
223,E,316,L,0,0.78828,B_1,B_1,1.0,1.0,2.1935842037200928,0.975609756097561
163,R,188,E,0,0.787254,B_1,B_1,1.0,1.0,1.699907660484314,0.9761904761904762
231,A,319,A,0,0.754682,B_1,B_1,1.0,1.0,4.7841620445251465,0.9767441860465116
146,V,193,L,0,0.749383,B_1,B_1,1.0,1.0,2.2881903648376465,0.9772727272727273
200,R,225,E,0,0.747143,B_1,B_1,1.0,1.0,1.8278719186782837,0.9777777777777777
232,E,250,S,0,0.742399,B_1,B_1,1.0,1.0,1.619508981704712,0.9782608695652174
209,T,217,S,0,0.7407739999999999,B_1,B_1,1.0,1.0,2.329894542694092,0.9787234042553191
200,R,222,D,0,0.73963,B_1,B_1,1.0,1.0,1.9109069108963013,0.9791666666666666
13,A,158,L,0,0.730256,B_1,B_1,1.0,1.0,2.2474827766418457,0.9795918367346939
274,V,289,V,0,0.726611,B_1,B_1,1.0,1.0,2.339942455291748,0.98
10,I,40,A,0,0.7094010000000001,B_1,B_1,1.0,1.0,2.8831958770751953,0.9803921568627451
19,K,48,F,0,0.698697,B_1,B_1,1.0,1.0,2.33577036857605,0.9807692307692307
138,A,267,A,0,0.69695,B_1,B_1,1.0,1.0,7.985130786895752,0.9622641509433962
224,L,319,A,0,0.6876720000000001,B_1,B_1,1.0,1.0,2.581014394760132,0.9629629629629629
207,I,217,S,0,0.6847,B_1,B_1,1.0,1.0,2.2204954624176025,0.9636363636363636
27,F,54,F,0,0.681311,B_1,B_1,1.0,1.0,2.426344394683838,0.9642857142857143
198,V,232,E,0,0.680287,B_1,B_1,1.0,1.0,2.4651265144348145,0.9649122807017544
198,V,246,T,0,0.670514,B_1,B_1,1.0,1.0,3.1148319244384766,0.9655172413793104
144,K,194,G,0,0.65162,B_1,B_1,1.0,1.0,5.559345245361328,0.9491525423728814
219,K,312,H,0,0.6515270000000001,B_1,B_1,1.0,1.0,2.165726661682129,0.95
205,L,258,I,0,0.649837,B_1,B_1,1.0,1.0,2.349860906600952,0.9508196721311475
153,D,237,R,0,0.640501,B_1,B_1,1.0,1.0,1.8284258842468262,0.9516129032258065
206,S,250,S,0,0.639947,B_1,B_1,1.0,1.0,1.7743403911590576,0.9523809523809523
27,F,56,T,0,0.638225,B_1,B_1,1.0,1.0,2.425584077835083,0.953125
207,I,231,A,0,0.636322,B_1,B_1,1.0,1.0,2.490682363510132,0.9538461538461539
152,Y,189,Y,0,0.631846,B_1,B_1,1.0,1.0,2.6325573921203613,0.9545454545454546
278,N,289,V,0,0.628725,B_1,B_1,1.0,1.0,3.2050657272338867,0.9552238805970149
4,M,12,D,0,0.6229979999999999,B_1,B_1,1.0,1.0,2.808565378189087,0.9558823529411765
248,I,280,R,0,0.611692,B_1,B_1,1.0,1.0,2.359614372253418,0.9565217391304348
78,V,162,I,0,0.609328,B_1,B_1,1.0,1.0,2.3300626277923584,0.9571428571428572
258,I,292,V,0,0.605025,B_1,B_1,1.0,1.0,3.0117788314819336,0.9577464788732394
64,G,115,I,0,0.604032,B_1,B_1,1.0,1.0,5.18806266784668,0.9444444444444444
207,I,319,A,0,0.602603,B_1,B_1,1.0,1.0,3.645019292831421,0.9452054794520548
24,V,78,V,0,0.599003,B_1,B_1,1.0,1.0,2.3544747829437256,0.9459459459459459
67,A,79,M,0,0.59753,B_1,B_1,1.0,1.0,2.758293628692627,0.9466666666666667
295,P,314,D,0,0.592921,B_1,B_1,1.0,1.0,7.580198764801025,0.9342105263157895
64,G,90,V,0,0.59234,B_1,B_1,1.0,1.0,2.4733762741088867,0.935064935064935
151,P,182,Q,0,0.589918,B_1,B_1,1.0,1.0,2.3189003467559814,0.9358974358974359
163,R,190,T,0,0.5827100000000001,B_1,B_1,1.0,1.0,2.9691312313079834,0.9367088607594937
266,Q,296,D,0,0.582608,B_1,B_1,1.0,1.0,1.8907232284545898,0.9375
260,V,315,V,0,0.58195,B_1,B_1,1.0,1.0,2.6005241870880127,0.9382716049382716
257,A,289,V,0,0.5814520000000001,B_1,B_1,1.0,1.0,2.3408284187316895,0.9390243902439024
119,F,147,I,0,0.575381,B_1,B_1,1.0,1.0,2.311255693435669,0.9397590361445783
150,T,199,K,0,0.5738300000000001,B_1,B_1,1.0,1.0,2.890238046646118,0.9404761904761905
223,E,313,K,0,0.573008,B_1,B_1,1.0,1.0,4.859688758850098,0.9411764705882353
20,N,163,R,0,0.572809,B_1,B_1,1.0,1.0,2.446669816970825,0.9418604651162791
16,T,187,E,0,0.570254,B_1,B_1,1.0,1.0,5.150325298309326,0.9310344827586207
200,R,230,S,0,0.569584,B_1,B_1,1.0,1.0,3.976503372192383,0.9318181818181818
239,V,269,I,0,0.5686100000000001,B_1,B_1,1.0,1.0,2.1150500774383545,0.9325842696629213
64,G,79,M,0,0.5649270000000001,B_1,B_1,1.0,1.0,2.652078866958618,0.9333333333333333
138,A,269,I,0,0.562819,B_1,B_1,1.0,1.0,2.9868383407592773,0.9340659340659341
4,M,184,V,0,0.5625939999999999,B_1,B_1,1.0,1.0,2.453033447265625,0.9347826086956522
152,Y,185,P,0,0.562294,B_1,B_1,1.0,1.0,2.406920909881592,0.9354838709677419
232,E,253,K,0,0.54761,B_1,B_1,1.0,1.0,1.694823980331421,0.9361702127659575
102,R,110,T,0,0.544712,B_1,B_1,1.0,1.0,2.59836483001709,0.9368421052631579
270,A,293,A,0,0.541976,B_1,B_1,1.0,1.0,4.264621257781982,0.9375
18,L,53,V,0,0.539111,B_1,B_1,1.0,1.0,2.8141090869903564,0.9381443298969072
160,S,192,E,0,0.534621,B_1,B_1,1.0,1.0,3.970024347305298,0.9387755102040817
223,E,312,H,0,0.5342399999999999,B_1,B_1,1.0,1.0,3.6125454902648926,0.9393939393939394
292,V,318,T,0,0.528774,B_1,B_1,1.0,1.0,2.5261850357055664,0.94
259,V,274,V,0,0.523638,B_1,B_1,1.0,1.0,2.4770185947418213,0.9405940594059405
23,N,76,R,0,0.5235390000000001,B_1,B_1,1.0,1.0,1.8292142152786255,0.9411764705882353
101,M,111,S,0,0.520931,B_1,B_1,1.0,1.0,2.4358267784118652,0.941747572815534
87,V,137,V,0,0.5181680000000001,B_1,B_1,1.0,1.0,3.240034580230713,0.9423076923076923
117,S,171,L,0,0.518107,B_1,B_1,1.0,1.0,2.4020907878875732,0.9428571428571428
204,D,230,S,0,0.517656,B_1,B_1,1.0,1.0,1.7512844800949097,0.9433962264150944
159,I,188,E,0,0.514896,B_1,B_1,1.0,1.0,2.904762029647827,0.9439252336448598
201,E,253,K,0,0.511652,B_1,B_1,1.0,1.0,1.8656511306762695,0.9444444444444444
255,G,284,S,0,0.5114810000000001,B_1,B_1,1.0,1.0,2.428645133972168,0.944954128440367
297,T,308,W,0,0.51143,B_1,B_1,1.0,1.0,1.8855946063995361,0.9454545454545454
27,F,67,A,0,0.511195,B_1,B_1,1.0,1.0,2.1003317832946777,0.9459459459459459
261,Q,268,G,0,0.509475,B_1,B_1,1.0,1.0,2.5826351642608643,0.9464285714285714
255,G,286,E,0,0.5071319999999999,B_1,B_1,1.0,1.0,1.8501296043395996,0.9469026548672567
26,V,53,V,0,0.505855,B_1,B_1,1.0,1.0,2.2152957916259766,0.9473684210526315
245,D,280,R,0,0.502959,B_1,B_1,1.0,1.0,6.103750705718994,0.9391304347826087
259,V,289,V,0,0.502694,B_1,B_1,1.0,1.0,2.6069822311401367,0.9396551724137931
259,V,270,A,0,0.5011909999999999,B_1,B_1,1.0,1.0,2.1852152347564697,0.9401709401709402
179,S,215,H,0,0.493904,B_1,B_1,1.0,1.0,6.583961009979248,0.9322033898305084
146,V,157,L,0,0.487631,B_1,B_1,1.0,1.0,2.1519393920898438,0.9327731092436975
290,L,322,V,0,0.486274,B_1,B_1,1.0,1.0,2.2838547229766846,0.9333333333333333
102,R,166,D,0,0.4861479999999999,B_1,B_1,1.0,1.0,1.7463748455047607,0.9338842975206612
272,N,291,R,0,0.4856979999999999,B_1,B_1,1.0,1.0,5.54360294342041,0.9262295081967213
20,N,188,E,0,0.48421,B_1,B_1,1.0,1.0,2.4840199947357178,0.926829268292683
91,M,136,L,0,0.479675,B_1,B_1,1.0,1.0,4.230136394500732,0.9274193548387096
279,D,290,L,0,0.478736,B_1,B_1,1.0,1.0,12.192614555358887,0.92
207,I,260,V,0,0.476267,B_1,B_1,1.0,1.0,2.4458093643188477,0.9206349206349206
116,R,172,E,0,0.473831,B_1,B_1,1.0,1.0,1.731080174446106,0.9212598425196851
279,D,291,R,0,0.4696189999999999,B_1,B_1,1.0,1.0,11.237765312194824,0.9140625
13,A,159,I,0,0.469234,B_1,B_1,1.0,1.0,2.2878518104553223,0.9147286821705426
98,M,115,I,0,0.468367,B_1,B_1,1.0,1.0,3.0609335899353027,0.9153846153846154
95,S,140,Q,0,0.465368,B_1,B_1,1.0,1.0,2.061328887939453,0.916030534351145
161,A,168,V,0,0.463193,B_1,B_1,1.0,1.0,2.299677610397339,0.9166666666666666
150,T,182,Q,0,0.462646,B_1,B_1,1.0,1.0,2.4702863693237305,0.9172932330827067
7,I,40,A,0,0.4606439999999999,B_1,B_1,1.0,1.0,2.359764337539673,0.917910447761194
224,L,316,L,0,0.458111,B_1,B_1,1.0,1.0,2.4443061351776123,0.9185185185185185
33,V,45,Q,0,0.456379,B_1,B_1,1.0,1.0,2.655604362487793,0.9191176470588235
229,I,323,L,0,0.45624,B_1,B_1,1.0,1.0,2.246873378753662,0.9197080291970803
12,D,155,K,0,0.453643,B_1,B_1,1.0,1.0,1.726312518119812,0.9202898550724637
63,I,79,M,0,0.451547,B_1,B_1,1.0,1.0,2.2802884578704834,0.920863309352518
248,I,277,I,0,0.451013,B_1,B_1,1.0,1.0,2.405489921569824,0.9214285714285714
258,I,319,A,0,0.450622,B_1,B_1,1.0,1.0,2.5948243141174316,0.9219858156028369
199,K,218,L,0,0.4477609999999999,B_1,B_1,1.0,1.0,2.5401604175567627,0.9225352112676056
195,K,245,D,0,0.447244,B_1,B_1,1.0,1.0,2.1809778213500977,0.9230769230769231
207,I,258,I,0,0.44722,B_1,B_1,1.0,1.0,2.265467882156372,0.9236111111111112
84,F,133,L,0,0.447018,B_1,B_1,1.0,1.0,2.617379665374756,0.9241379310344827
85,G,131,D,0,0.446679,B_1,B_1,1.0,1.0,3.166098117828369,0.9246575342465754
24,V,162,I,0,0.445578,B_1,B_1,1.0,1.0,2.8792123794555664,0.9251700680272109
147,I,211,G,0,0.444662,B_1,B_1,1.0,1.0,2.6638426780700684,0.9256756756756757
261,Q,271,A,0,0.44423,B_1,B_1,1.0,1.0,4.286404609680176,0.9261744966442953
15,R,44,L,0,0.437559,B_1,B_1,1.0,1.0,2.3941550254821777,0.9266666666666666
155,K,189,Y,0,0.435034,B_1,B_1,1.0,1.0,2.354559898376465,0.9271523178807947
124,H,306,S,0,0.432192,B_1,B_1,1.0,1.0,3.856496572494507,0.9276315789473685
121,G,309,L,0,0.431648,B_1,B_1,1.0,1.0,2.6151609420776367,0.9281045751633987
84,F,171,L,0,0.4313619999999999,B_1,B_1,1.0,1.0,2.7426602840423584,0.9285714285714286
248,I,276,E,0,0.4260319999999999,B_1,B_1,1.0,1.0,2.857646942138672,0.9290322580645162
216,E,312,H,0,0.421885,B_1,B_1,1.0,1.0,1.8838287591934204,0.9294871794871795
150,T,197,D,0,0.421515,B_1,B_1,1.0,1.0,6.187047004699707,0.9235668789808917
220,A,316,L,0,0.420778,B_1,B_1,1.0,1.0,2.258110284805298,0.9240506329113924
27,F,66,L,0,0.419633,B_1,B_1,1.0,1.0,2.9593594074249268,0.9245283018867925
81,I,115,I,0,0.419243,B_1,B_1,1.0,1.0,2.4705560207366943,0.925
152,Y,187,E,0,0.4154819999999999,B_1,B_1,1.0,1.0,6.883037090301514,0.9192546583850931
160,S,191,I,0,0.4142399999999999,B_1,B_1,1.0,1.0,1.9835699796676636,0.9197530864197531
64,G,81,I,0,0.413855,B_1,B_1,1.0,1.0,5.926924228668213,0.9141104294478528
209,T,236,L,0,0.413656,B_1,B_1,1.0,1.0,1.9357337951660156,0.9146341463414634
137,V,169,V,0,0.411905,B_1,B_1,1.0,1.0,2.4687564373016357,0.9151515151515152
208,I,247,I,0,0.409635,B_1,B_1,1.0,1.0,2.297515869140625,0.9156626506024096
76,R,112,P,0,0.407814,B_1,B_1,1.0,1.0,2.598703145980835,0.9161676646706587
18,L,24,V,0,0.406535,B_1,B_1,1.0,1.0,2.4119372367858887,0.9166666666666666
265,K,279,D,0,0.4058199999999999,B_1,B_1,0.9999999999999998,0.9999999999999998,16.239778518676758,0.9112426035502958
261,Q,293,A,0,0.405435,B_1,B_1,0.9999999999999998,0.9999999999999998,2.494232654571533,0.9117647058823529
247,I,277,I,0,0.405281,B_1,B_1,0.9999999999999998,0.9999999999999998,2.546332359313965,0.9122807017543859
23,N,75,F,0,0.4031349999999999,B_1,B_1,0.9999999999999996,0.9999999999999997,2.078212022781372,0.9127906976744186
227,D,316,L,0,0.401833,B_1,B_1,0.9999999999999996,0.9999999999999997,5.610520362854004,0.9075144508670521
201,E,249,A,0,0.398442,B_1,B_1,0.9999999999999992,0.9999999999999994,8.257307052612305,0.9022988505747126
242,L,276,E,0,0.398252,B_1,B_1,0.999999999999999,0.9999999999999992,2.7356364727020264,0.9028571428571428
264,Q,308,W,0,0.398127,B_1,B_1,0.999999999999999,0.9999999999999992,2.4514269828796387,0.9034090909090909
85,G,174,M,0,0.3976929999999999,B_1,B_1,0.9999999999999988,0.9999999999999991,6.639460563659668,0.8983050847457628
152,Y,182,Q,0,0.396634,B_1,B_1,0.9999999999999988,0.9999999999999991,1.9214990139007568,0.898876404494382
21,D,76,R,0,0.396445,B_1,B_1,0.9999999999999988,0.9999999999999991,2.45340633392334,0.8994413407821229
98,M,111,S,0,0.394786,B_1,B_1,0.999999999999998,0.9999999999999984,3.036996603012085,0.9
290,L,318,T,0,0.390521,B_1,B_1,0.9999999999999956,0.9999999999999967,2.512305498123169,0.9005524861878453
252,E,281,A,0,0.389131,B_1,B_1,0.9999999999999944,0.9999999999999958,3.0155158042907715,0.9010989010989011
20,N,190,T,0,0.388256,B_1,B_1,0.9999999999999932,0.9999999999999949,7.415971279144287,0.8961748633879781
84,F,117,S,0,0.388181,B_1,B_1,0.9999999999999932,0.9999999999999949,2.470900058746338,0.8967391304347826
152,Y,191,I,0,0.385513,B_1,B_1,0.9999999999999886,0.9999999999999915,2.762819290161133,0.8972972972972973
210,Y,269,I,0,0.385171,B_1,B_1,0.9999999999999878,0.9999999999999909,2.5726113319396973,0.8978494623655914
17,E,188,E,0,0.381175,B_1,B_1,0.9999999999999738,0.9999999999999803,4.513763427734375,0.8983957219251337
32,G,45,Q,0,0.380751,B_1,B_1,0.9999999999999716,0.9999999999999787,2.4028193950653076,0.898936170212766
133,L,171,L,0,0.3804389999999999,B_1,B_1,0.99999999999997,0.9999999999999776,4.670182704925537,0.8994708994708994
258,I,290,L,0,0.3786199999999999,B_1,B_1,0.9999999999999571,0.9999999999999678,2.257093906402588,0.9
156,G,189,Y,0,0.377482,B_1,B_1,0.999999999999947,0.9999999999999603,2.5887928009033203,0.900523560209424
234,V,250,S,0,0.37683,B_1,B_1,0.9999999999999402,0.9999999999999551,2.9636547565460205,0.9010416666666666
275,A,291,R,0,0.3745429999999999,B_1,B_1,0.999999999999908,0.9999999999999309,5.888242721557617,0.8963730569948186
271,A,291,R,0,0.373456,B_1,B_1,0.9999999999998874,0.9999999999999156,2.8159613609313965,0.8969072164948454
117,S,169,V,0,0.368734,B_1,B_1,0.9999999999997295,0.9999999999997972,4.663946151733398,0.8974358974358975
10,I,154,A,0,0.368075,B_1,B_1,0.9999999999996948,0.9999999999997711,2.4357690811157227,0.8979591836734694
156,G,191,I,0,0.366611,B_1,B_1,0.9999999999996008,0.9999999999997006,2.2887370586395264,0.8984771573604061
208,I,277,I,0,0.365347,B_1,B_1,0.999999999999497,0.9999999999996227,2.351327657699585,0.898989898989899
8,Q,42,E,0,0.36515,B_1,B_1,0.9999999999994784,0.9999999999996088,6.891632080078125,0.8944723618090452
164,D,194,G,0,0.364059,B_1,B_1,0.9999999999993638,0.9999999999995228,7.849723815917969,0.89
134,E,261,Q,0,0.363228,B_1,B_1,0.9999999999992604,0.9999999999994453,4.249713897705078,0.8905472636815921
292,V,310,P,0,0.361775,B_1,B_1,0.9999999999990375,0.9999999999992781,2.268017292022705,0.8910891089108911
17,E,162,I,0,0.361257,B_1,B_1,0.9999999999989432,0.9999999999992074,2.331906318664551,0.8916256157635468
16,T,155,K,0,0.359536,B_1,B_1,0.9999999999985596,0.9999999999989198,3.6050944328308105,0.8921568627450981
71,G,111,S,0,0.35918,B_1,B_1,0.9999999999984645,0.9999999999988484,3.6495754718780518,0.8926829268292683
138,A,266,Q,0,0.357761,B_1,B_1,0.9999999999980204,0.9999999999985153,9.988996505737305,0.8883495145631068
10,I,170,F,0,0.3573179999999999,B_1,B_1,0.9999999999978572,0.9999999999983928,2.65130615234375,0.8888888888888888
88,Y,133,L,0,0.357108,B_1,B_1,0.9999999999977754,0.9999999999983316,2.477335214614868,0.8894230769230769
138,A,145,V,0,0.356416,B_1,B_1,0.9999999999974836,0.9999999999981126,2.532505512237549,0.8899521531100478
14,L,40,A,0,0.356402,B_1,B_1,0.9999999999974774,0.999999999998108,3.032895803451538,0.8904761904761904
206,S,254,T,0,0.356295,B_1,B_1,0.9999999999974288,0.9999999999980717,1.864989161491394,0.8909952606635071
72,L,101,M,0,0.3552929999999999,B_1,B_1,0.999999999996928,0.9999999999976961,3.0863194465637207,0.8915094339622641
199,K,235,D,0,0.355121,B_1,B_1,0.9999999999968328,0.9999999999976246,2.092196226119995,0.892018779342723
121,G,299,F,0,0.353884,B_1,B_1,0.9999999999960576,0.9999999999970433,2.1633753776550293,0.8925233644859814
236,L,242,L,0,0.349773,B_1,B_1,0.9999999999918842,0.9999999999939131,2.5739307403564453,0.8930232558139535
200,R,218,L,0,0.349082,B_1,B_1,0.9999999999908444,0.9999999999931333,2.7197604179382324,0.8935185185185185
25,L,75,F,0,0.347761,B_1,B_1,0.9999999999884802,0.9999999999913601,2.6255102157592773,0.8940092165898618
115,I,169,V,0,0.347369,B_1,B_1,0.9999999999876698,0.9999999999907523,2.3641090393066406,0.8944954128440367
200,R,221,A,0,0.347257,B_1,B_1,0.999999999987428,0.999999999990571,2.4642813205718994,0.8949771689497716
116,R,177,Y,0,0.345454,B_1,B_1,0.9999999999828312,0.9999999999871234,3.9518046379089355,0.8954545454545455
68,L,111,S,0,0.345222,B_1,B_1,0.9999999999821308,0.9999999999865982,3.341771125793457,0.8959276018099548
99,A,143,I,0,0.342717,B_1,B_1,0.9999999999725327,0.9999999999793996,2.356157064437866,0.8963963963963963
159,I,190,T,0,0.340552,B_1,B_1,0.999999999960275,0.9999999999702063,2.289306640625,0.8968609865470852
33,V,46,K,0,0.339334,B_1,B_1,0.9999999999511612,0.9999999999633709,5.629967212677002,0.8928571428571429
213,M,260,V,0,0.338345,B_1,B_1,0.9999999999422756,0.9999999999567067,2.2893741130828857,0.8933333333333333
24,V,77,P,0,0.33687,B_1,B_1,0.9999999999260014,0.9999999999445011,4.367029666900635,0.8938053097345132
88,Y,96,G,0,0.3357,B_1,B_1,0.9999999999099584,0.9999999999324688,8.78969955444336,0.8898678414096917
11,T,40,A,0,0.335318,B_1,B_1,0.9999999999040154,0.9999999999280116,1.7237271070480347,0.8903508771929824
157,L,238,T,0,0.334994,B_1,B_1,0.9999999998986742,0.9999999999240057,3.5976850986480713,0.8908296943231441
216,E,311,N,0,0.3335599999999999,B_1,B_1,0.9999999998713136,0.9999999999034852,2.4169161319732666,0.8913043478260869
114,T,161,A,0,0.333303,B_1,B_1,0.9999999998656957,0.9999999998992717,2.5403616428375244,0.8917748917748918
251,V,281,A,0,0.333039,B_1,B_1,0.9999999998596744,0.9999999998947557,2.9969940185546875,0.8922413793103449
201,E,230,S,0,0.332955,B_1,B_1,0.9999999998577034,0.9999999998932776,4.328388690948486,0.8927038626609443
195,K,249,A,0,0.332951,B_1,B_1,0.9999999998576088,0.9999999998932065,7.821201801300049,0.8888888888888888
224,L,231,A,0,0.332929,B_1,B_1,0.999999999857088,0.999999999892816,2.518017530441284,0.8893617021276595
16,T,188,E,0,0.332879,B_1,B_1,0.9999999998558968,0.9999999998919227,2.3048317432403564,0.8898305084745762
229,I,320,R,0,0.332478,B_1,B_1,0.9999999998459854,0.9999999998844891,3.687464714050293,0.890295358649789
198,V,234,V,0,0.332421,B_1,B_1,0.9999999998445231,0.9999999998833924,2.395411252975464,0.8907563025210085
24,V,76,R,0,0.330327,B_1,B_1,0.999999999780256,0.999999999835192,2.307727098464966,0.891213389121339
210,Y,236,L,0,0.330165,B_1,B_1,0.999999999774316,0.999999999830737,2.2868669033050537,0.8916666666666667
124,H,303,Q,0,0.330157,B_1,B_1,0.9999999997740188,0.999999999830514,4.496729373931885,0.8921161825726142
193,L,238,T,0,0.330023,B_1,B_1,0.99999999976898,0.999999999826735,3.1127078533172607,0.8925619834710744
87,V,169,V,0,0.329827,B_1,B_1,0.9999999997614109,0.9999999998210581,4.833790302276611,0.8930041152263375
208,I,234,V,0,0.329818,B_1,B_1,0.9999999997610576,0.9999999998207931,2.4401917457580566,0.8934426229508197
149,S,214,V,0,0.32702,B_1,B_1,0.9999999996222216,0.9999999997166662,2.309861183166504,0.8938775510204081
217,S,315,V,0,0.32618,B_1,B_1,0.999999999566862,0.9999999996751465,2.2884414196014404,0.8943089430894309
32,G,55,D,0,0.325462,B_1,B_1,0.999999999513294,0.9999999996349704,1.7943841218948364,0.8947368421052632
72,L,111,S,0,0.323969,B_1,B_1,0.9999999993802672,0.9999999995352004,4.760416507720947,0.8951612903225806
287,A,322,V,0,0.323531,B_1,B_1,0.9999999993348844,0.9999999995011633,2.295278310775757,0.8955823293172691
236,L,247,I,0,0.319638,B_1,B_1,0.9999999987587996,0.9999999990690998,2.381077289581299,0.896
22,E,51,D,0,0.318784,B_1,B_1,0.999999998578218,0.9999999989336634,7.3924784660339355,0.8924302788844621
65,G,93,S,0,0.317532,B_1,B_1,0.999999998266088,0.999999998699566,3.104928970336914,0.8928571428571429
197,D,218,L,0,0.315317,B_1,B_1,0.9999999975414678,0.9999999981561009,7.304788112640381,0.8893280632411067
153,D,197,D,0,0.313846,B_1,B_1,0.999999996904061,0.9999999976780458,4.54863977432251,0.889763779527559
20,N,159,I,0,0.312761,B_1,B_1,0.999999996332808,0.999999997249606,5.1524786949157715,0.8862745098039215
88,Y,136,L,0,0.311266,B_1,B_1,0.999999995373613,0.9999999965302098,2.574713706970215,0.88671875
299,F,308,W,0,0.310227,B_1,B_1,0.9999999945664556,0.9999999959248417,3.1050474643707275,0.8871595330739299
100,R,131,D,0,0.30996,B_1,B_1,0.9999999943377026,0.9999999957532769,19.31687355041504,0.8837209302325582
257,A,273,V,0,0.308905,B_1,B_1,0.9999999933379804,0.9999999950034852,5.838819980621338,0.8803088803088803
155,K,185,P,0,0.306765,B_1,B_1,0.9999999907510544,0.9999999930632908,1.8416014909744263,0.8807692307692307
27,F,79,M,0,0.3064139999999999,B_1,B_1,0.9999999902418604,0.9999999926813953,2.357020854949951,0.8812260536398467
26,V,78,V,0,0.305724,B_1,B_1,0.9999999891596726,0.9999999918697544,2.2474722862243652,0.8816793893129771
208,I,273,V,0,0.303775,B_1,B_1,0.9999999854287522,0.9999999890715642,2.3781380653381348,0.8821292775665399
146,V,161,A,0,0.301768,B_1,B_1,0.9999999802800088,0.9999999852100065,3.338482141494751,0.8825757575757576
268,G,291,R,0,0.300743,B_1,B_1,0.9999999770025174,0.9999999827518881,7.044850826263428,0.879245283018868
6,M,154,A,0,0.299562,B_1,B_1,0.9999999725632692,0.9999999794224519,2.4444997310638428,0.8796992481203008
240,S,266,Q,0,0.299354,B_1,B_1,0.9999999716990524,0.9999999787742893,13.670855522155762,0.8764044943820225
85,G,125,T,0,0.298544,B_1,B_1,0.999999968072788,0.999999976054591,8.078349113464355,0.8731343283582089
191,I,197,D,0,0.29689,B_1,B_1,0.9999999592023764,0.9999999694017823,5.485467433929443,0.8698884758364313
68,L,113,V,0,0.296436,B_1,B_1,0.9999999563729096,0.9999999672796822,3.193787097930908,0.8703703703703703
33,V,50,E,0,0.29583,B_1,B_1,0.9999999522956916,0.9999999642217687,5.3467230796813965,0.8671586715867159
18,L,26,V,0,0.295303,B_1,B_1,0.9999999484491636,0.9999999613368727,2.375502824783325,0.8676470588235294
135,G,267,A,0,0.2947099999999999,B_1,B_1,0.9999999437581852,0.9999999578186389,4.4095988273620605,0.8681318681318682
146,V,170,F,0,0.292769,B_1,B_1,0.9999999252986868,0.999999943974015,2.4121718406677246,0.8686131386861314
161,A,193,L,0,0.292674,B_1,B_1,0.999999924257355,0.9999999431930162,2.128629684448242,0.8690909090909091
194,G,238,T,0,0.291871,B_1,B_1,0.9999999148702632,0.9999999361526974,1.9496155977249146,0.8695652173913043
147,I,239,V,0,0.291501,B_1,B_1,0.999999910171509,0.9999999326286317,2.447594165802002,0.8700361010830325
81,I,117,S,0,0.29131,B_1,B_1,0.9999999076478004,0.9999999307358504,1.7361030578613281,0.8705035971223022
242,L,269,I,0,0.290398,B_1,B_1,0.9999998946111434,0.9999999209583575,2.6009817123413086,0.8709677419354839
198,V,253,K,0,0.290118,B_1,B_1,0.999999890259954,0.9999999176949654,3.8776302337646484,0.8714285714285714
158,L,170,F,0,0.289992,B_1,B_1,0.9999998882451744,0.9999999161838808,2.623903512954712,0.8718861209964412
251,V,277,I,0,0.288995,B_1,B_1,0.9999998709778692,0.9999999032334019,2.2940006256103516,0.8723404255319149
258,I,318,T,0,0.288722,B_1,B_1,0.9999998658123668,0.9999998993592751,2.2715156078338623,0.872791519434629
134,E,210,Y,0,0.286607,B_1,B_1,0.9999998183471116,0.9999998637603337,1.6107333898544312,0.8732394366197183
119,F,171,L,0,0.2862639999999999,B_1,B_1,0.9999998092424256,0.9999998569318191,2.5560028553009033,0.8736842105263158
95,S,136,L,0,0.285842,B_1,B_1,0.9999997974285652,0.9999998480714238,4.757595062255859,0.8741258741258742
153,D,191,I,0,0.285748,B_1,B_1,0.999999794701443,0.9999998460260822,2.2503910064697266,0.8745644599303136
64,G,98,M,0,0.285175,B_1,B_1,0.9999997772864042,0.9999998329648032,2.4341554641723633,0.875
252,E,280,R,0,0.284709,B_1,B_1,0.9999997620684704,0.9999998215513528,4.743706226348877,0.8754325259515571
265,K,296,D,0,0.283819,B_1,B_1,0.9999997301361128,0.9999997976020846,2.620736837387085,0.8758620689655172
256,R,287,A,0,0.282804,B_1,B_1,0.9999996886061848,0.9999997664546386,2.55305552482605,0.8762886597938144
209,T,260,V,0,0.282163,B_1,B_1,0.999999659235582,0.9999997444266865,2.1969568729400635,0.8767123287671232
152,Y,197,D,0,0.282009,B_1,B_1,0.9999996517866626,0.9999997388399969,5.800477504730225,0.8737201365187713
18,L,48,F,0,0.282001,B_1,B_1,0.9999996513953996,0.9999997385465497,2.624687433242798,0.8741496598639455
199,K,233,V,0,0.2817659999999999,B_1,B_1,0.9999996397089296,0.9999997297816972,2.1712136268615723,0.8745762711864407
220,A,312,H,0,0.280726,B_1,B_1,0.9999995832404306,0.999999687430323,2.5169882774353027,0.875
7,I,178,R,0,0.280491,B_1,B_1,0.9999995693333495,0.9999996770000121,2.716779947280884,0.8754208754208754
157,L,194,G,0,0.279917,B_1,B_1,0.9999995334358928,0.9999996500769196,4.650878429412842,0.8758389261744967
217,S,231,A,0,0.275119,B_1,B_1,0.9999990947447336,0.9999993210585502,5.593356609344482,0.8729096989966555
239,V,267,A,0,0.274018,B_1,B_1,0.9999989477305424,0.9999992107979068,9.362442970275879,0.87
94,V,143,I,0,0.273976,B_1,B_1,0.9999989416850228,0.999999206263767,2.406466007232666,0.8704318936877077
205,L,229,I,0,0.273517,B_1,B_1,0.9999988733727472,0.9999991550295604,4.100183010101318,0.8708609271523179
266,Q,276,E,0,0.273467,B_1,B_1,0.9999988656770984,0.9999991492578237,13.9216890335083,0.8679867986798679
295,P,308,W,0,0.272029,B_1,B_1,0.9999986210954968,0.9999989658216226,2.4531607627868652,0.868421052631579
138,A,240,S,0,0.271204,B_1,B_1,0.9999984583594892,0.9999988437696169,2.4058969020843506,0.8688524590163934
240,S,296,D,0,0.269569,B_1,B_1,0.9999980788184336,0.9999985591138252,18.511938095092773,0.8660130718954249
173,H,212,A,0,0.269269,B_1,B_1,0.999997999932122,0.9999984999490915,2.3789072036743164,0.8664495114006515
87,V,94,V,0,0.269198,B_1,B_1,0.9999979808063384,0.9999984856047538,3.0806915760040283,0.8668831168831169
209,T,231,A,0,0.26892,B_1,B_1,0.9999979041932062,0.9999984281449047,8.392988204956055,0.8640776699029126
199,K,214,V,0,0.268319,B_1,B_1,0.99999772878032,0.99999829658524,2.537776470184326,0.864516129032258
21,D,163,R,0,0.26788,B_1,B_1,0.9999975917105872,0.9999981937829404,5.370971202850342,0.8617363344051447
155,K,187,E,0,0.267505,B_1,B_1,0.9999974682819698,0.9999981012114774,2.549307107925415,0.8621794871794872
217,S,233,V,0,0.2671179999999999,B_1,B_1,0.999997334461066,0.9999980008457995,2.754324436187744,0.8626198083067093
157,L,193,L,0,0.265523,B_1,B_1,0.9999967066169664,0.9999975299627248,2.4422640800476074,0.8630573248407644
35,G,46,K,0,0.265167,B_1,B_1,0.999996548004214,0.9999974110031605,6.822498321533203,0.8603174603174604
119,F,211,G,0,0.264718,B_1,B_1,0.9999963373437158,0.9999972530077869,3.3015244007110596,0.8607594936708861
38,F,83,F,0,0.2635949999999999,B_1,B_1,0.9999957542837744,0.9999968157128308,2.1700525283813477,0.861198738170347
94,V,169,V,0,0.262101,B_1,B_1,0.9999948372293024,0.9999961279219768,3.462918519973755,0.8616352201257862
97,Q,128,L,0,0.2620969999999999,B_1,B_1,0.999994834532996,0.999996125899747,18.771223068237305,0.8589341692789969
61,S,89,E,0,0.262019,B_1,B_1,0.99999478168085,0.9999960862606375,2.461245536804199,0.859375
103,Y,297,T,0,0.261488,B_1,B_1,0.9999944076638716,0.9999958057479037,31.97081184387207,0.8566978193146417
88,Y,95,S,0,0.259972,B_1,B_1,0.9999931908791616,0.9999948931593712,7.867712497711182,0.8540372670807453
146,V,168,V,0,0.258915,B_1,B_1,0.9999921942798434,0.9999941457098825,2.5531368255615234,0.8544891640866873
156,G,192,E,0,0.2584849999999999,B_1,B_1,0.99999174954703,0.9999938121602725,5.9399285316467285,0.8518518518518519
123,V,175,K,0,0.258282,B_1,B_1,0.9999915311399477,0.9999936483549607,2.6809892654418945,0.8523076923076923
68,L,93,S,0,0.257924,B_1,B_1,0.9999911322211896,0.9999933491658922,3.926908016204834,0.852760736196319
200,R,233,V,0,0.2575639999999999,B_1,B_1,0.99999071271138,0.9999930345335349,1.8946808576583862,0.8532110091743119
146,V,238,T,0,0.257086,B_1,B_1,0.9999901258368222,0.9999925943776167,2.1441071033477783,0.8536585365853658
242,L,273,V,0,0.256664,B_1,B_1,0.9999895779379138,0.9999921834534353,2.376706123352051,0.8541033434650456
13,A,155,K,0,0.256357,B_1,B_1,0.999989160932432,0.9999918706993239,2.2117717266082764,0.8545454545454545
6,M,151,P,0,0.254519,B_1,B_1,0.9999863043998588,0.9999897282998941,2.1403932571411133,0.8549848942598187
12,D,187,E,0,0.25411,B_1,B_1,0.9999855758689318,0.9999891819016988,5.690105438232422,0.8524096385542169
83,F,174,M,0,0.253899,B_1,B_1,0.999985185472465,0.9999888891043487,2.7169835567474365,0.8528528528528528
268,G,293,A,0,0.253874,B_1,B_1,0.9999851385437236,0.9999888539077927,6.087185382843018,0.8502994011976048
23,N,165,N,0,0.253696,B_1,B_1,0.9999848002199117,0.9999886001649337,8.738598823547363,0.8477611940298507
210,Y,261,Q,0,0.252445,B_1,B_1,0.9999822027006804,0.9999866520255103,2.3738808631896973,0.8482142857142857
23,N,73,N,0,0.252438,B_1,B_1,0.9999821870208512,0.9999866402656383,5.753749370574951,0.8456973293768546
220,A,315,V,0,0.24903,B_1,B_1,0.9999727286410836,0.9999795464808127,2.3189070224761963,0.8461538461538461
11,T,42,E,0,0.2472599999999999,B_1,B_1,0.9999660526171574,0.9999745394628681,3.3734517097473145,0.8466076696165191
91,M,133,L,0,0.245067,B_1,B_1,0.9999555658147948,0.9999666743610961,6.547758102416992,0.8441176470588235
6,M,149,S,0,0.244976,B_1,B_1,0.9999550689422984,0.9999663017067237,4.597026824951172,0.844574780058651
104,R,127,E,0,0.244919,B_1,B_1,0.9999547549807702,0.9999660662355777,27.837560653686523,0.8421052631578947
145,V,169,V,0,0.243391,B_1,B_1,0.999945501543049,0.9999591261572867,2.521815538406372,0.8425655976676385
40,A,177,Y,0,0.2429239999999999,B_1,B_1,0.9999423253207628,0.9999567439905721,4.061330795288086,0.8430232558139535
294,A,308,W,0,0.241244,B_1,B_1,0.9999293508510008,0.9999470131382506,2.7198944091796875,0.8434782608695652
98,M,164,D,0,0.241204,B_1,B_1,0.9999290098889924,0.9999467574167442,9.975761413574219,0.8410404624277457
206,S,257,A,0,0.240815,B_1,B_1,0.999925609999479,0.9999442074996092,2.336790084838867,0.8414985590778098
205,L,322,V,0,0.240781,B_1,B_1,0.9999253054685084,0.9999439791013813,2.810053825378418,0.8419540229885057
197,D,237,R,0,0.240767,B_1,B_1,0.9999251797234752,0.9999438847926063,2.5855553150177,0.8424068767908309
14,L,158,L,0,0.240515,B_1,B_1,0.99992288101422,0.999942160760665,2.436788558959961,0.8428571428571429
64,G,113,V,0,0.240102,B_1,B_1,0.9999189653403296,0.9999392240052473,5.073448657989502,0.8404558404558404
17,E,190,T,0,0.240044,B_1,B_1,0.9999184002823628,0.9999388002117721,6.412052631378174,0.8380681818181818
38,F,174,M,0,0.2397,B_1,B_1,0.9999149698183458,0.9999362273637593,2.868523359298706,0.8385269121813032
131,D,174,M,0,0.2396179999999999,B_1,B_1,0.9999141317517812,0.9999355988138359,5.466019630432129,0.8361581920903954
18,L,162,I,0,0.23884,B_1,B_1,0.999905772898273,0.9999293296737047,5.162599086761475,0.8338028169014085
17,E,24,V,0,0.238146,B_1,B_1,0.999897657422942,0.9999232430672065,2.3028993606567383,0.8342696629213483
205,L,323,L,0,0.237698,B_1,B_1,0.9998920643511932,0.9999190482633948,2.3727004528045654,0.834733893557423
176,L,215,H,0,0.237616,B_1,B_1,0.9998910091462933,0.9999182568597199,3.1940248012542725,0.835195530726257
196,A,236,L,0,0.237201,B_1,B_1,0.9998855141355538,0.9999141356016654,2.4275171756744385,0.8356545961002786
144,K,240,S,0,0.237119,B_1,B_1,0.9998843971616436,0.9999132978712326,2.4547855854034424,0.8361111111111111
175,K,212,A,0,0.236708,B_1,B_1,0.9998786382309496,0.9999089786732122,2.672869920730591,0.8365650969529086
38,F,118,P,0,0.235552,B_1,B_1,0.9998609159337756,0.9998956869503317,2.409130096435547,0.8370165745856354
191,I,237,R,0,0.235034,B_1,B_1,0.9998521871523872,0.9998891403642904,2.838299512863159,0.837465564738292
256,R,323,L,0,0.233775,B_1,B_1,0.9998287113088916,0.9998715334816687,2.321065902709961,0.8379120879120879
61,S,93,S,0,0.233355,B_1,B_1,0.9998201083657536,0.9998650812743153,2.927577018737793,0.8383561643835616
204,D,323,L,0,0.233294,B_1,B_1,0.999818824734149,0.9998641185506117,2.809178113937378,0.8387978142076503
83,F,118,P,0,0.232802,B_1,B_1,0.9998081434756833,0.9998561076067625,2.2253966331481934,0.8392370572207084
205,L,230,S,0,0.232159,B_1,B_1,0.9997932652654709,0.9998449489491031,2.921715497970581,0.8396739130434783
72,L,109,W,0,0.232007,B_1,B_1,0.999789588881398,0.9998421916610485,2.6872425079345703,0.8401084010840109
256,R,322,V,0,0.231888,B_1,B_1,0.9997866667394736,0.9998400000546052,1.8165122270584106,0.8405405405405405
247,I,276,E,0,0.2312739999999999,B_1,B_1,0.9997709567334494,0.999828217550087,4.4967827796936035,0.8409703504043127
84,F,119,F,0,0.230813,B_1,B_1,0.9997584342753404,0.9998188257065053,2.425234079360962,0.8413978494623656
100,R,141,P,0,0.230208,B_1,B_1,0.999740995571526,0.9998057466786445,4.22158670425415,0.8418230563002681
81,I,87,V,0,0.230204,B_1,B_1,0.999740876332956,0.999805657249717,2.591825008392334,0.8422459893048129
161,A,170,F,0,0.230048,B_1,B_1,0.9997361845370086,0.9998021384027564,3.07059907913208,0.8426666666666667
191,I,199,K,0,0.2300289999999999,B_1,B_1,0.9997356075378714,0.9998017056534035,5.531146049499512,0.8404255319148937
266,Q,272,N,0,0.230008,B_1,B_1,0.9997349683869426,0.999801226290207,8.48650074005127,0.8381962864721485
79,M,114,T,0,0.229998,B_1,B_1,0.999734663506214,0.9998009976296605,2.119330883026123,0.8386243386243386
86,F,125,T,0,0.229953,B_1,B_1,0.9997332873549531,0.9997999655162149,7.223239898681641,0.8364116094986808
11,T,44,L,0,0.229755,B_1,B_1,0.9997271501406172,0.9997953626054629,2.8847815990448,0.8368421052631579
83,F,125,T,0,0.229475,B_1,B_1,0.9997182384553408,0.9997886788415056,3.4662086963653564,0.8372703412073491
68,L,97,Q,0,0.227899,B_1,B_1,0.999662602950956,0.999746952213217,2.4175469875335693,0.837696335078534
80,E,177,Y,0,0.227836,B_1,B_1,0.9996601721644828,0.9997451291233621,5.8868608474731445,0.835509138381201
76,R,114,T,0,0.226766,B_1,B_1,0.9996162185716044,0.9997121639287033,5.005568027496338,0.8333333333333334
97,Q,125,T,0,0.224944,B_1,B_1,0.9995284936032314,0.9996463702024235,25.925479888916016,0.8311688311688312
156,G,185,P,0,0.2244679999999999,B_1,B_1,0.9995025712339514,0.9996269284254635,6.0819525718688965,0.8290155440414507
156,G,190,T,0,0.224015,B_1,B_1,0.9994766316711016,0.9996074737533261,2.6159884929656982,0.8294573643410853
267,A,293,A,0,0.224002,B_1,B_1,0.9994758683896104,0.9996069012922079,5.089415550231934,0.8273195876288659
207,I,221,A,0,0.223277,B_1,B_1,0.999431563442492,0.9995736725818689,2.9029436111450195,0.8277634961439588
114,T,158,L,0,0.222507,B_1,B_1,0.9993805708648756,0.9995354281486567,2.5096280574798584,0.8282051282051283
257,A,278,N,0,0.2224809999999999,B_1,B_1,0.9993787744816848,0.9995340808612636,6.98724365234375,0.8260869565217391
132,S,210,Y,0,0.221744,B_1,B_1,0.9993257193164022,0.9994942894873017,4.132290840148926,0.826530612244898
6,M,176,L,0,0.221664,B_1,B_1,0.9993197049339068,0.9994897787004301,2.435037136077881,0.8269720101781171
206,S,234,V,0,0.221489,B_1,B_1,0.999306368178209,0.9994797761336567,3.6454811096191406,0.8274111675126904
299,F,309,L,0,0.221473,B_1,B_1,0.9993051363566312,0.9994788522674733,2.6009511947631836,0.8278481012658228
244,I,281,A,0,0.221426,B_1,B_1,0.999301505709132,0.999476129281849,7.05915641784668,0.8257575757575758
139,Q,264,Q,0,0.220819,B_1,B_1,0.9992529467231964,0.9994397100423973,10.09467601776123,0.8236775818639799
6,M,13,A,0,0.220136,B_1,B_1,0.9991944297121632,0.9993958222841224,6.720120429992676,0.821608040201005
134,E,239,V,0,0.2198989999999999,B_1,B_1,0.9991731139733108,0.9993798354799831,2.68135404586792,0.8220551378446115
198,V,249,A,0,0.219226,B_1,B_1,0.9991095898222632,0.9993321923666973,6.51962947845459,0.82
272,N,279,D,0,0.217689,B_1,B_1,0.9989464652461698,0.9992098489346274,6.7250590324401855,0.8179551122194514
84,F,174,M,0,0.21738,B_1,B_1,0.9989103742144564,0.9991827806608423,5.781352519989014,0.8159203980099502
306,S,313,K,0,0.216136,B_1,B_1,0.9987527052431246,0.9990645289323434,7.661311626434326,0.8138957816377171
121,G,174,M,0,0.215392,B_1,B_1,0.9986481862510128,0.9989861396882596,3.7507076263427734,0.8143564356435643
143,I,169,V,0,0.2149579999999999,B_1,B_1,0.9985833917960318,0.9989375438470238,2.7158706188201904,0.8148148148148148
71,G,110,T,0,0.214832,B_1,B_1,0.9985640295939436,0.9989230221954577,4.6608147621154785,0.8152709359605911
45,Q,54,F,0,0.214478,B_1,B_1,0.9985082640089828,0.9988811980067371,2.295417547225952,0.8157248157248157
173,H,211,G,0,0.2141699999999999,B_1,B_1,0.9984580615133604,0.9988435461350202,2.970567226409912,0.8161764705882353
150,T,215,H,0,0.214135,B_1,B_1,0.9984522552970468,0.9988391914727851,3.934401512145996,0.8166259168704156
250,S,257,A,0,0.214004,B_1,B_1,0.9984303369436852,0.9988227527077639,5.896750450134277,0.8146341463414634
185,P,191,I,0,0.213279,B_1,B_1,0.9983035524060072,0.9987276643045054,6.546138286590576,0.8126520681265207
155,K,190,T,0,0.212371,B_1,B_1,0.9981308929042996,0.9985981696782247,5.114966869354248,0.8106796116504854
135,G,269,I,0,0.212119,B_1,B_1,0.9980800675451386,0.9985600506588539,2.836728811264038,0.8111380145278451
87,V,171,L,0,0.21193,B_1,B_1,0.9980410830340668,0.9985308122755501,5.466922760009766,0.8091787439613527
104,R,128,L,0,0.211476,B_1,B_1,0.9979443175052292,0.9984582381289219,22.787050247192383,0.8072289156626506
99,A,131,D,0,0.210364,B_1,B_1,0.997687604643584,0.998265703482688,17.815099716186523,0.8052884615384616
91,M,137,V,0,0.2100739999999999,B_1,B_1,0.9976157748171052,0.9982118311128289,2.282439947128296,0.8057553956834532
145,V,171,L,0,0.20956,B_1,B_1,0.9974831896761706,0.9981123922571279,3.351999044418335,0.80622009569378
84,F,137,V,0,0.209485,B_1,B_1,0.997463263974576,0.9980974479809319,2.4642319679260254,0.8066825775656324
125,T,174,M,0,0.2090989999999999,B_1,B_1,0.9973583048147308,0.998018728611048,2.228898286819458,0.8071428571428572
45,Q,53,V,0,0.2090489999999999,B_1,B_1,0.9973444092201176,0.9980083069150882,1.857795000076294,0.8076009501187649
76,R,163,R,0,0.208761,B_1,B_1,0.997263000633136,0.997947250474852,2.9020962715148926,0.8080568720379147
38,F,85,G,0,0.20848,B_1,B_1,0.9971812759691772,0.9978859569768829,8.288229942321777,0.806146572104019
31,V,54,F,0,0.208454,B_1,B_1,0.9971735975275684,0.9978801981456763,3.189547300338745,0.8066037735849056
12,D,159,I,0,0.208271,B_1,B_1,0.9971189850765776,0.9978392388074332,4.6499481201171875,0.8070588235294117
261,Q,267,A,0,0.20798,B_1,B_1,0.9970300611542012,0.9977725458656509,1.8448561429977417,0.8075117370892019
224,L,320,R,0,0.20756,B_1,B_1,0.996897082894698,0.9976728121710235,3.1049015522003174,0.8079625292740047
292,V,322,V,0,0.2073289999999999,B_1,B_1,0.9968215409354249,0.9976161557015686,6.768612384796143,0.8060747663551402
6,M,119,F,0,0.207317,B_1,B_1,0.996817569087633,0.9976131768157247,5.741852760314941,0.8041958041958042
112,P,165,N,0,0.206933,B_1,B_1,0.9966879389504156,0.9975159542128117,2.1941776275634766,0.8046511627906977
137,V,143,I,0,0.205724,B_1,B_1,0.9962460875884088,0.9971845656913066,2.5347697734832764,0.8051044083526682
203,T,232,E,0,0.2054389999999999,B_1,B_1,0.9961340261546112,0.9971005196159584,4.010009765625,0.8055555555555556
132,S,139,Q,0,0.20494,B_1,B_1,0.995930099052824,0.996947574289618,8.694396018981934,0.8036951501154734
51,D,75,F,0,0.204747,B_1,B_1,0.9958485088187892,0.9968863816140918,6.2250261306762695,0.8018433179723502
248,I,278,N,0,0.2044369999999999,B_1,B_1,0.9957141861204782,0.9967856395903587,5.406285762786865,0.8
85,G,127,E,0,0.203921,B_1,B_1,0.995481377757648,0.996611033318236,6.030573844909668,0.7981651376146789
96,G,131,D,0,0.202568,B_1,B_1,0.9948123889187644,0.9961092916890734,17.873130798339844,0.7963386727688787
147,I,210,Y,0,0.2020539999999999,B_1,B_1,0.9945343540855236,0.9959007655641428,2.4140474796295166,0.7968036529680366
82,Q,104,R,0,0.201881,B_1,B_1,0.9944376287855256,0.9958282215891442,21.09474754333496,0.7949886104783599
134,E,263,A,0,0.201621,B_1,B_1,0.9942891955783402,0.9957168966837551,2.846851348876953,0.7954545454545454
83,F,211,G,0,0.200758,B_1,B_1,0.9937690661486916,0.9953267996115187,13.611846923828125,0.7936507936507936
17,E,78,V,0,0.199942,B_1,B_1,0.9932361359210046,0.9949271019407534,4.744729042053223,0.7941176470588235
114,T,168,V,0,0.199573,B_1,B_1,0.9929811927163648,0.9947358945372735,2.4250991344451904,0.7945823927765236
94,V,137,V,0,0.199425,B_1,B_1,0.9928764002068056,0.9946573001551042,2.8077571392059326,0.795045045045045
132,S,294,A,0,0.198324,B_1,B_1,0.99204895618148,0.99403671713611,6.116783142089844,0.7932584269662921
114,T,162,I,0,0.198278,B_1,B_1,0.9920124773760308,0.9940093580320231,2.3923566341400146,0.7937219730941704
97,Q,105,S,0,0.198124,B_1,B_1,0.9918891958671188,0.9939168969003391,7.584193706512451,0.7919463087248322
55,D,75,F,0,0.198028,B_1,B_1,0.9918114358098664,0.9938585768573998,14.04847526550293,0.7901785714285714
208,I,250,S,0,0.197916,B_1,B_1,0.9917198237928604,0.9937898678446453,4.314017295837402,0.7906458797327395
25,L,54,F,0,0.197279,B_1,B_1,0.9911800558158974,0.993385041861923,2.5569560527801514,0.7911111111111111
206,S,232,E,0,0.196784,B_1,B_1,0.99073781067269,0.9930533580045174,2.2281837463378906,0.7915742793791575
82,Q,118,P,0,0.196546,B_1,B_1,0.99051779020087,0.9928883426506525,2.558516502380371,0.7920353982300885
29,E,56,T,0,0.196435,B_1,B_1,0.9904134953162068,0.9928101214871551,3.0396859645843506,0.7924944812362031
121,G,175,K,0,0.1963369999999999,B_1,B_1,0.9903205152565684,0.9927403864424262,2.5451767444610596,0.7929515418502202
210,Y,239,V,0,0.196253,B_1,B_1,0.9902401406948176,0.9926801055211132,3.158451795578003,0.7934065934065934
123,V,173,H,0,0.195817,B_1,B_1,0.9898127330091708,0.9923595497568781,5.018543243408203,0.7916666666666666
54,F,70,L,0,0.195642,B_1,B_1,0.989636262285033,0.9922271967137748,2.827401876449585,0.7921225382932167
160,S,188,E,0,0.195156,B_1,B_1,0.9891309274384048,0.9918481955788037,7.928731918334961,0.7903930131004366
157,L,191,I,0,0.195129,B_1,B_1,0.9891021827444124,0.9918266370583093,2.507711887359619,0.7908496732026143
201,E,232,E,0,0.195049,B_1,B_1,0.9890165918655468,0.9917624438991601,2.3113949298858643,0.7913043478260869
259,V,273,V,0,0.194927,B_1,B_1,0.9888848446231012,0.9916636334673259,2.4198949337005615,0.7917570498915402
247,I,273,V,0,0.193954,B_1,B_1,0.9877795177880884,0.9908346383410662,2.5023305416107178,0.7922077922077922
85,G,126,P,0,0.193495,B_1,B_1,0.9872229084092587,0.990417181306944,7.7556328773498535,0.7904967602591793
117,S,147,I,0,0.193444,B_1,B_1,0.9871596118640874,0.9903697088980655,6.919754505157471,0.7887931034482759
125,T,131,D,0,0.193318,B_1,B_1,0.9870019657486128,0.9902514743114595,5.6448588371276855,0.7870967741935484
97,Q,103,Y,0,0.193103,B_1,B_1,0.9867287575232556,0.9900465681424417,6.9746551513671875,0.7854077253218884
261,Q,269,I,0,0.193099,B_1,B_1,0.9867236238054872,0.9900427178541154,2.4712843894958496,0.7858672376873662
59,A,66,L,0,0.192592,B_1,B_1,0.9860576026413236,0.9895432019809927,6.764795303344727,0.7841880341880342
208,I,242,L,0,0.192152,B_1,B_1,0.9854542943729676,0.9890907207797257,5.120362758636475,0.7825159914712153
213,M,310,P,0,0.192119,B_1,B_1,0.9854080725809906,0.989056054435743,2.620800495147705,0.7829787234042553
79,M,113,V,0,0.192073,B_1,B_1,0.9853434122731,0.989007559204825,3.0603175163269043,0.7834394904458599
152,Y,190,T,0,0.19128,B_1,B_1,0.9841856062408334,0.988139204680625,5.82094144821167,0.7817796610169492
99,A,140,Q,0,0.191202,B_1,B_1,0.9840672091940492,0.9880504068955369,2.436436891555786,0.7822410147991543
18,L,45,Q,0,0.191117,B_1,B_1,0.9839372419734366,0.9879529314800775,5.5722527503967285,0.7805907172995781
292,V,314,D,0,0.19108,B_1,B_1,0.9838803585158604,0.9879102688868953,2.80655574798584,0.7810526315789473
274,V,288,P,0,0.191075,B_1,B_1,0.9838726571144196,0.9879044928358147,5.995238780975342,0.7794117647058824
133,L,140,Q,0,0.190868,B_1,B_1,0.9835507794983828,0.987663084623787,8.368060111999512,0.7777777777777778
300,P,308,W,0,0.19086,B_1,B_1,0.9835382199382606,0.9876536649536954,2.2317497730255127,0.7782426778242678
14,L,26,V,0,0.19078,B_1,B_1,0.9834121298854324,0.9875590974140742,2.6948447227478027,0.778705636743215
236,L,273,V,0,0.190551,B_1,B_1,0.9830461845079238,0.9872846383809428,2.5070111751556396,0.7791666666666667
88,Y,171,L,0,0.190477,B_1,B_1,0.9829263266086792,0.9871947449565094,9.858904838562012,0.7775467775467776
134,E,147,I,0,0.190412,B_1,B_1,0.9828203929361872,0.9871152947021404,2.4305288791656494,0.7780082987551867
144,K,193,L,0,0.1902589999999999,B_1,B_1,0.9825686114274528,0.9869264585705896,2.8146016597747803,0.7784679089026915
265,K,280,R,0,0.188998,B_1,B_1,0.9803582948056764,0.9852687211042572,18.42323875427246,0.7768595041322314
94,V,113,V,0,0.188965,B_1,B_1,0.9802970874371868,0.9852228155778902,6.024898529052734,0.7752577319587629
240,S,269,I,0,0.188559,B_1,B_1,0.97952936977688,0.98464702733266,4.355704307556152,0.7757201646090535
255,G,281,A,0,0.188325,B_1,B_1,0.9790743363179324,0.9843057522384493,5.826496124267578,0.7741273100616016
89,E,97,Q,0,0.188169,B_1,B_1,0.9787657729223416,0.9840743296917562,9.385957717895508,0.7725409836065574
113,V,164,D,0,0.187931,B_1,B_1,0.9782868570944724,0.9837151428208543,5.045231342315674,0.7709611451942741
251,V,284,S,0,0.187917,B_1,B_1,0.978258375349504,0.983693781512128,3.7281157970428467,0.7714285714285715
170,F,191,I,0,0.187545,B_1,B_1,0.9774887426686184,0.9831165570014638,6.669368743896484,0.769857433808554
128,L,174,M,0,0.1874809999999999,B_1,B_1,0.9773538099938242,0.9830153574953682,6.330127716064453,0.7682926829268293
208,I,259,V,0,0.187391,B_1,B_1,0.9771627908126684,0.9828720931095013,2.380361557006836,0.768762677484787
4,M,183,E,0,0.1867069999999999,B_1,B_1,0.9756614735123892,0.981746105134292,3.5932888984680176,0.7692307692307693
96,G,128,L,0,0.186418,B_1,B_1,0.975000091204144,0.981250068403108,16.9408016204834,0.7676767676767676
121,G,292,V,0,0.186052,B_1,B_1,0.9741386343651262,0.9806039757738446,12.252676963806152,0.7661290322580645
68,L,101,M,0,0.185725,B_1,B_1,0.973345855195395,0.9800093913965462,2.347724437713623,0.7665995975855131
132,S,174,M,0,0.185595,B_1,B_1,0.9730244966282778,0.9797683724712084,7.216788291931152,0.7650602409638554
159,I,187,E,0,0.185454,B_1,B_1,0.9726719075801744,0.9795039306851308,5.348413467407227,0.7635270541082164
232,E,254,T,0,0.184635,B_1,B_1,0.9705385090379012,0.9779038817784259,2.9556360244750977,0.764
155,K,184,V,0,0.184353,B_1,B_1,0.9697691694078144,0.9773268770558609,2.4634058475494385,0.7644710578842315
155,K,186,E,0,0.1841539999999999,B_1,B_1,0.9692152053347852,0.9769114040010889,2.0267159938812256,0.7649402390438247
7,I,37,V,0,0.184106,B_1,B_1,0.9690801981224372,0.9768101485918279,5.918628215789795,0.7634194831013916
139,Q,145,V,0,0.1835369999999999,B_1,B_1,0.9674378891518772,0.9755784168639079,5.168371677398682,0.7619047619047619
118,P,134,E,0,0.182519,B_1,B_1,0.9642990426918502,0.9732242820188877,8.927720069885254,0.7603960396039604
152,Y,184,V,0,0.1820109999999999,B_1,B_1,0.9626315825334792,0.9719736869001094,2.5212604999542236,0.7608695652173914
100,R,128,L,0,0.181742,B_1,B_1,0.9617201950604412,0.9712901462953308,19.243661880493164,0.7593688362919132
156,G,187,E,0,0.181694,B_1,B_1,0.9615554597143924,0.9711665947857943,7.137454509735107,0.7578740157480315
37,V,89,E,0,0.181466,B_1,B_1,0.9607641372136586,0.970573102910244,13.937318801879883,0.756385068762279
210,Y,266,Q,0,0.181064,B_1,B_1,0.959332822565488,0.969499616924116,9.28976821899414,0.7549019607843137
150,T,214,V,0,0.181055,B_1,B_1,0.9593002434606724,0.9694751825955044,4.527889251708984,0.7553816046966731
64,G,169,V,0,0.180903,B_1,B_1,0.9587464357619564,0.9690598268214673,9.21504020690918,0.75390625
205,L,256,R,0,0.18085,B_1,B_1,0.9585517334298356,0.9689138000723767,2.4831395149230957,0.7543859649122807
14,L,79,M,0,0.180599,B_1,B_1,0.9576183126985872,0.9682137345239404,6.968523025512695,0.7529182879377432
150,T,237,R,0,0.179498,B_1,B_1,0.9532956733029692,0.9649717549772269,5.223072052001953,0.7514563106796116
198,V,250,S,0,0.179395,B_1,B_1,0.9528716571461004,0.9646537428595754,4.0902509689331055,0.751937984496124
71,G,77,P,0,0.17929,B_1,B_1,0.9524358524807413,0.9643268893605559,2.9546594619750977,0.7524177949709865
82,Q,178,R,0,0.179084,B_1,B_1,0.9515703237722174,0.9636777428291631,10.907283782958984,0.750965250965251
244,I,266,Q,0,0.179043,B_1,B_1,0.951396382718174,0.9635472870386305,17.56242561340332,0.7495183044315993
147,I,269,I,0,0.178895,B_1,B_1,0.950763830774674,0.9630728730810054,4.912482738494873,0.75
196,A,243,D,0,0.178472,B_1,B_1,0.9489151056142724,0.9616863292107043,1.856588363647461,0.7504798464491362
259,V,277,I,0,0.178344,B_1,B_1,0.948343584568168,0.961257688426126,3.6041665077209473,0.7509578544061303
173,H,215,H,0,0.178201,B_1,B_1,0.9476983457432228,0.960773759307417,6.934420108795166,0.7495219885277247
265,K,276,E,0,0.177923,B_1,B_1,0.9464233702395932,0.959817527679695,13.060208320617676,0.7480916030534351
89,E,123,V,0,0.1778,B_1,B_1,0.9458504858725424,0.9593878644044068,18.326906204223633,0.7466666666666667
11,T,47,E,0,0.177705,B_1,B_1,0.9454042917394804,0.9590532188046103,6.274149417877197,0.7452471482889734
37,V,82,Q,0,0.1776599999999999,B_1,B_1,0.9451917982022314,0.9588938486516736,2.6420257091522217,0.74573055028463
85,G,97,Q,0,0.177203,B_1,B_1,0.9429918510530968,0.9572438882898227,16.307706832885742,0.7443181818181818
12,D,19,K,0,0.176998,B_1,B_1,0.941979831000108,0.956484873250081,6.741980075836182,0.7429111531190926
123,V,174,M,0,0.17693,B_1,B_1,0.9416406430351691,0.9562304822763769,2.4345197677612305,0.7433962264150943
88,Y,140,Q,0,0.176915,B_1,B_1,0.9415655865376168,0.9561741899032126,10.818425178527832,0.7419962335216572
179,S,219,K,0,0.176814,B_1,B_1,0.9410579807949008,0.9557934855961756,10.304057121276855,0.7406015037593985
224,L,258,I,0,0.175495,B_1,B_1,0.9340631487694464,0.9505473615770847,5.061327934265137,0.7392120075046904
63,I,81,I,0,0.175362,B_1,B_1,0.9333189876072374,0.949989240705428,4.599816799163818,0.7397003745318352
81,I,113,V,0,0.175157,B_1,B_1,0.9321576007415548,0.9491182005561661,7.588551998138428,0.7383177570093458
89,E,125,T,0,0.175024,B_1,B_1,0.9313947112329776,0.9485460334247332,14.239599227905273,0.7369402985074627
264,Q,297,T,0,0.1749619999999999,B_1,B_1,0.9310365309247663,0.9482773981935748,1.9038363695144653,0.7374301675977654
245,D,252,E,0,0.174951,B_1,B_1,0.93097281296839,0.9482296097262924,6.733841896057129,0.7360594795539034
278,N,290,L,0,0.174756,B_1,B_1,0.92983473033381,0.9473760477503576,7.290217876434326,0.7346938775510204
260,V,292,V,0,0.174747,B_1,B_1,0.9297818117488528,0.9473363588116396,2.209188461303711,0.7351851851851852
92,D,105,S,0,0.174559,B_1,B_1,0.9286684447454504,0.9465013335590878,13.154903411865234,0.7338262476894639
100,R,126,P,0,0.174323,B_1,B_1,0.927249151776166,0.9454368638321244,26.974010467529297,0.7324723247232472
174,M,262,E,0,0.174255,B_1,B_1,0.926835689108165,0.9451267668311238,7.007837772369385,0.7311233885819521
149,S,197,D,0,0.174155,B_1,B_1,0.9262239615533712,0.9446679711650283,6.841395854949951,0.7297794117647058
152,Y,188,E,0,0.173952,B_1,B_1,0.9249685422790708,0.9437264067093031,7.842082500457764,0.728440366972477
21,D,162,I,0,0.173822,B_1,B_1,0.9241549275060088,0.9431161956295067,4.9390435218811035,0.7289377289377289
117,S,137,V,0,0.173753,B_1,B_1,0.923720003437691,0.9427900025782683,7.381746292114258,0.7276051188299817
151,P,179,S,0,0.173542,B_1,B_1,0.9223766637075028,0.9417824977806271,6.752669334411621,0.7262773722627737
239,V,266,Q,0,0.173307,B_1,B_1,0.9208566307206691,0.9406424730405019,12.59029483795166,0.7249544626593807
89,E,133,L,0,0.172954,B_1,B_1,0.9185253949346732,0.9388940462010049,7.62539529800415,0.7236363636363636
34,N,178,R,0,0.172615,B_1,B_1,0.916231599573768,0.9371736996803259,8.284248352050781,0.7223230490018149
170,F,238,T,0,0.172484,B_1,B_1,0.9153305764246806,0.9364979323185105,7.026710033416748,0.7210144927536232
6,M,173,H,0,0.172453,B_1,B_1,0.9151161544493592,0.9363371158370194,2.6968026161193848,0.7215189873417721
64,G,94,V,0,0.17224,B_1,B_1,0.9136303480105752,0.9352227610079313,4.847942352294922,0.7220216606498195
152,Y,159,I,0,0.172052,B_1,B_1,0.9123006498881427,0.9342254874161071,7.015782833099365,0.7207207207207207
67,A,113,V,0,0.172034,B_1,B_1,0.9121724333796776,0.9341293250347582,2.727839946746826,0.7212230215827338
207,I,316,L,0,0.171986,B_1,B_1,0.9118297465182132,0.9338723098886599,5.766029357910156,0.7199281867145422
119,F,132,S,0,0.171738,B_1,B_1,0.9100411274007232,0.9325308455505423,2.147679090499878,0.7204301075268817
36,G,80,E,0,0.171578,B_1,B_1,0.9088710005365296,0.9316532504023972,3.88059139251709,0.7209302325581395
101,M,109,W,0,0.171569,B_1,B_1,0.9088048016088234,0.9316036012066176,2.6237447261810303,0.7214285714285714
12,D,184,V,0,0.170592,B_1,B_1,0.9013743151200768,0.9260307363400576,4.863086700439453,0.7219251336898396
