i,A_i,j,A_j,fn,cn,segment_i,segment_j,probability,size,dist_intra,dist_multimer,dist,precision
54,R,323,D,0,1.610293,A_1,A_1,1.0,1.0,5.983810901641846,79.76496124267578,5.983810901641846,0.0
185,Y,229,A,0,1.229289,A_1,A_1,1.0,1.0,3.8072638511657715,8.085233688354492,3.8072638511657715,0.5
119,Y,334,K,0,1.058576,A_1,A_1,1.0,1.0,2.2465755939483643,70.40926361083984,2.2465755939483643,0.6666666666666666
91,T,173,Y,0,1.050257,A_1,A_1,1.0,1.0,2.0232553482055664,36.419761657714844,2.0232553482055664,0.75
234,V,250,E,0,0.999288,A_1,A_1,1.0,1.0,5.046141147613525,28.23149299621582,5.046141147613525,0.6666666666666666
307,E,314,E,0,0.958887,A_1,A_1,1.0,1.0,4.435426235198975,83.60411071777344,4.435426235198975,0.7142857142857143
161,L,170,A,0,0.919009,A_1,A_1,1.0,1.0,2.758389711380005,40.15507125854492,2.758389711380005,0.75
169,V,252,R,0,0.911545,A_1,A_1,1.0,1.0,2.3116204738616943,41.790313720703125,2.3116204738616943,0.7777777777777778
199,I,255,A,0,0.897033,A_1,A_1,1.0,1.0,3.798215389251709,34.39198684692383,3.798215389251709,0.8
102,L,157,V,0,0.8921040000000001,A_1,A_1,1.0,1.0,2.404778003692627,32.529747009277344,2.404778003692627,0.8181818181818182
96,E,167,K,0,0.8830370000000001,A_1,A_1,1.0,1.0,5.516101360321045,53.154964447021484,5.516101360321045,0.75
254,R,262,T,0,0.876816,A_1,A_1,1.0,1.0,2.5361804962158203,26.283172607421875,2.5361804962158203,0.7692307692307693
174,T,202,V,0,0.847068,A_1,A_1,1.0,1.0,2.2550950050354004,21.77207374572754,2.2550950050354004,0.7857142857142857
58,F,327,E,0,0.8360290000000001,A_1,A_1,1.0,1.0,2.8893375396728516,74.6013412475586,2.8893375396728516,0.8
303,R,317,E,0,0.832658,A_1,A_1,1.0,1.0,1.7034474611282349,75.06881713867188,1.7034474611282349,0.8125
98,E,168,A,0,0.825734,A_1,A_1,1.0,1.0,2.367677927017212,51.11330795288086,2.367677927017212,0.8235294117647058
74,R,336,D,0,0.8229040000000001,A_1,A_1,1.0,1.0,1.740285873413086,71.28921508789062,1.740285873413086,0.8333333333333334
202,V,222,I,0,0.8193020000000001,A_1,A_1,1.0,1.0,2.0773890018463135,18.401960372924805,2.0773890018463135,0.8421052631578947
226,A,233,G,0,0.801868,A_1,A_1,1.0,1.0,2.568150758743286,13.143671989440918,2.568150758743286,0.85
161,L,168,A,0,0.784963,A_1,A_1,1.0,1.0,2.3496201038360596,45.93613052368164,2.3496201038360596,0.8571428571428571
235,Q,267,L,0,0.780706,A_1,A_1,1.0,1.0,2.6483352184295654,26.874387741088867,2.6483352184295654,0.8636363636363636
303,R,321,I,0,0.7714949999999999,A_1,A_1,1.0,1.0,5.074379920959473,76.56301879882812,5.074379920959473,0.8260869565217391
59,T,109,P,0,0.758601,A_1,A_1,1.0,1.0,2.4709208011627197,55.14726257324219,2.4709208011627197,0.8333333333333334
151,Y,187,G,0,0.746549,A_1,A_1,1.0,1.0,2.2995951175689697,15.257296562194824,2.2995951175689697,0.84
155,A,187,G,0,0.739671,A_1,A_1,1.0,1.0,2.632488965988159,18.51706314086914,2.632488965988159,0.8461538461538461
119,Y,330,Q,0,0.717066,A_1,A_1,1.0,1.0,4.853753566741943,73.8040771484375,4.853753566741943,0.8518518518518519
91,T,248,T,0,0.715326,A_1,A_1,1.0,1.0,2.4358835220336914,40.00901412963867,2.4358835220336914,0.8571428571428571
46,D,311,L,0,0.699152,A_1,A_1,1.0,1.0,2.299959659576416,75.7558364868164,2.299959659576416,0.8620689655172413
130,R,349,I,0,0.694012,A_1,A_1,1.0,1.0,5.8835601806640625,48.621742248535156,5.8835601806640625,0.8333333333333334
232,V,254,R,0,0.667914,A_1,A_1,1.0,1.0,2.96510648727417,23.433795928955078,2.96510648727417,0.8387096774193549
50,K,316,E,0,0.664894,A_1,A_1,1.0,1.0,1.7453901767730713,81.03826904296875,1.7453901767730713,0.84375
155,A,200,F,0,0.65982,A_1,A_1,1.0,1.0,3.0212979316711426,23.095855712890625,3.0212979316711426,0.8484848484848485
91,T,171,I,0,0.6483899999999999,A_1,A_1,1.0,1.0,2.935410976409912,38.0892219543457,2.935410976409912,0.8529411764705882
46,D,316,E,0,0.6250640000000001,A_1,A_1,1.0,1.0,8.262930870056152,81.69720458984375,8.262930870056152,0.8285714285714286
90,A,241,P,0,0.624428,A_1,A_1,1.0,1.0,2.559375047683716,51.56230545043945,2.559375047683716,0.8333333333333334
46,D,309,K,0,0.623309,A_1,A_1,1.0,1.0,3.035956859588623,72.94041442871094,3.035956859588623,0.8378378378378378
255,A,262,T,0,0.606165,A_1,A_1,1.0,1.0,4.350600242614746,31.390562057495117,4.350600242614746,0.8421052631578947
201,V,266,T,0,0.594893,A_1,A_1,1.0,1.0,2.535085439682007,30.195690155029297,2.535085439682007,0.8461538461538461
348,K,362,F,0,0.5936170000000001,A_1,A_1,1.0,1.0,1.8856695890426636,44.279685974121094,1.8856695890426636,0.85
158,A,198,A,0,0.592241,A_1,A_1,1.0,1.0,2.3247969150543213,32.00600051879883,2.3247969150543213,0.8536585365853658
171,I,248,T,0,0.581044,A_1,A_1,1.0,1.0,3.0458452701568604,38.64262771606445,3.0458452701568604,0.8571428571428571
248,T,264,I,0,0.578575,A_1,A_1,1.0,1.0,2.5469062328338623,32.7039909362793,2.5469062328338623,0.8604651162790697
151,Y,184,F,0,0.57276,A_1,A_1,1.0,1.0,2.476457357406616,13.034686088562012,2.476457357406616,0.8636363636363636
307,E,317,E,0,0.57127,A_1,A_1,1.0,1.0,5.756160736083984,79.0656967163086,5.756160736083984,0.8444444444444444
52,L,93,F,0,0.566702,A_1,A_1,1.0,1.0,2.690765619277954,56.682193756103516,2.690765619277954,0.8478260869565217
91,T,201,V,0,0.548027,A_1,A_1,1.0,1.0,2.4502272605895996,34.9949951171875,2.4502272605895996,0.851063829787234
239,M,268,T,0,0.545401,A_1,A_1,1.0,1.0,2.4864606857299805,42.88139343261719,2.4864606857299805,0.8541666666666666
93,F,245,Y,0,0.539064,A_1,A_1,1.0,1.0,2.4231603145599365,51.163177490234375,2.4231603145599365,0.8571428571428571
223,A,235,Q,0,0.537118,A_1,A_1,1.0,1.0,2.5468432903289795,18.733537673950195,2.5468432903289795,0.86
239,M,271,Y,0,0.532722,A_1,A_1,1.0,1.0,2.6862387657165527,51.907569885253906,2.6862387657165527,0.8627450980392157
52,L,241,P,0,0.528141,A_1,A_1,1.0,1.0,2.5337939262390137,55.57132339477539,2.5337939262390137,0.8653846153846154
55,R,93,F,0,0.524332,A_1,A_1,1.0,1.0,2.4677727222442627,58.995872497558594,2.4677727222442627,0.8679245283018868
234,V,247,A,0,0.520303,A_1,A_1,1.0,1.0,2.8519158363342285,28.733274459838867,2.8519158363342285,0.8703703703703703
34,E,308,N,0,0.516303,A_1,A_1,1.0,1.0,4.59968376159668,63.931217193603516,4.59968376159668,0.8727272727272727
188,I,231,I,0,0.512655,A_1,A_1,1.0,1.0,2.470388889312744,12.753372192382812,2.470388889312744,0.875
87,S,266,T,0,0.511307,A_1,A_1,1.0,1.0,1.8010003566741943,36.034786224365234,1.8010003566741943,0.8771929824561403
236,V,247,A,0,0.508217,A_1,A_1,1.0,1.0,3.133755922317505,32.72297668457031,3.133755922317505,0.8793103448275862
207,Y,289,I,0,0.503401,A_1,A_1,1.0,1.0,1.988845944404602,45.40433120727539,1.988845944404602,0.8813559322033898
100,F,161,L,0,0.499716,A_1,A_1,1.0,1.0,3.045538902282715,42.631065368652344,3.045538902282715,0.8833333333333333
57,V,324,A,0,0.499329,A_1,A_1,1.0,1.0,4.9742960929870605,74.28614807128906,4.9742960929870605,0.8852459016393442
232,V,260,G,0,0.496629,A_1,A_1,1.0,1.0,6.034492015838623,25.298484802246094,6.034492015838623,0.8709677419354839
48,Q,245,Y,0,0.49625,A_1,A_1,1.0,1.0,4.42155647277832,57.061988830566406,4.42155647277832,0.873015873015873
247,A,264,I,0,0.495783,A_1,A_1,1.0,1.0,2.8477554321289062,30.936113357543945,2.8477554321289062,0.875
171,I,201,V,0,0.4947439999999999,A_1,A_1,1.0,1.0,2.5961108207702637,31.87912940979004,2.5961108207702637,0.8769230769230769
192,G,231,I,0,0.4936149999999999,A_1,A_1,1.0,1.0,2.6932780742645264,18.75555419921875,2.6932780742645264,0.8787878787878788
111,L,140,A,0,0.490658,A_1,A_1,1.0,1.0,2.25451922416687,46.08494186401367,2.25451922416687,0.8805970149253731
202,V,263,L,0,0.4894529999999999,A_1,A_1,1.0,1.0,2.241266965866089,17.77473258972168,2.241266965866089,0.8823529411764706
251,A,262,T,0,0.486564,A_1,A_1,1.0,1.0,2.228951930999756,29.56339454650879,2.228951930999756,0.8840579710144928
233,G,263,L,0,0.4832369999999999,A_1,A_1,1.0,1.0,2.4044928550720215,16.59154510498047,2.4044928550720215,0.8857142857142857
61,V,325,K,0,0.4808939999999999,A_1,A_1,1.0,1.0,2.4979653358459473,77.6669692993164,2.4979653358459473,0.8873239436619719
49,L,242,L,0,0.480893,A_1,A_1,1.0,1.0,2.664168119430542,56.942935943603516,2.664168119430542,0.8888888888888888
119,Y,331,A,0,0.4743229999999999,A_1,A_1,1.0,1.0,2.4576361179351807,69.58954620361328,2.4576361179351807,0.8904109589041096
26,F,247,A,0,0.473593,A_1,A_1,1.0,1.0,2.7378439903259277,32.92763900756836,2.7378439903259277,0.8918918918918919
162,K,195,K,0,0.472524,A_1,A_1,1.0,1.0,1.9808584451675415,35.52085876464844,1.9808584451675415,0.8933333333333333
102,L,153,Q,0,0.471497,A_1,A_1,1.0,1.0,2.8224165439605713,27.561521530151367,2.8224165439605713,0.8947368421052632
95,L,171,I,0,0.468787,A_1,A_1,1.0,1.0,2.192963123321533,40.90999984741211,2.192963123321533,0.8961038961038961
192,G,230,G,0,0.467657,A_1,A_1,1.0,1.0,5.290387153625488,17.281291961669922,5.290387153625488,0.8846153846153846
49,L,302,F,0,0.461597,A_1,A_1,1.0,1.0,2.559566020965576,62.98846435546875,2.559566020965576,0.8860759493670886
221,T,235,Q,0,0.460138,A_1,A_1,1.0,1.0,2.088116407394409,19.200519561767578,2.088116407394409,0.8875
234,V,262,T,0,0.459846,A_1,A_1,1.0,1.0,2.8948421478271484,23.25079345703125,2.8948421478271484,0.8888888888888888
195,K,260,G,0,0.457651,A_1,A_1,1.0,1.0,2.543942928314209,31.18307876586914,2.543942928314209,0.8902439024390244
96,E,168,A,0,0.455684,A_1,A_1,1.0,1.0,4.738598823547363,50.767398834228516,4.738598823547363,0.891566265060241
50,K,312,W,0,0.453675,A_1,A_1,1.0,1.0,2.508141040802002,77.02274322509766,2.508141040802002,0.8928571428571429
169,V,256,I,0,0.449008,A_1,A_1,1.0,1.0,2.490809917449951,43.441978454589844,2.490809917449951,0.8941176470588236
50,K,311,L,0,0.44843,A_1,A_1,1.0,1.0,2.3827967643737793,75.39601135253906,2.3827967643737793,0.8953488372093024
206,R,267,L,0,0.4433689999999999,A_1,A_1,1.0,1.0,2.7598085403442383,31.32973289489746,2.7598085403442383,0.896551724137931
171,I,199,I,0,0.4420689999999999,A_1,A_1,1.0,1.0,2.3327221870422363,33.875118255615234,2.3327221870422363,0.8977272727272727
139,N,168,A,0,0.440822,A_1,A_1,1.0,1.0,6.203037738800049,48.937530517578125,6.203037738800049,0.8876404494382022
90,A,244,V,0,0.434575,A_1,A_1,1.0,1.0,2.422122001647949,46.22515869140625,2.422122001647949,0.8901098901098901
155,A,198,A,0,0.4342109999999999,A_1,A_1,1.0,1.0,3.5997323989868164,27.162391662597656,3.5997323989868164,0.8913043478260869
51,E,93,F,0,0.433996,A_1,A_1,1.0,1.0,2.191450357437134,62.7015380859375,2.191450357437134,0.8924731182795699
57,V,321,I,0,0.43004,A_1,A_1,1.0,1.0,2.6970105171203613,75.96721649169922,2.6970105171203613,0.8936170212765957
95,L,252,R,0,0.428803,A_1,A_1,1.0,1.0,2.5458850860595703,43.65701675415039,2.5458850860595703,0.8947368421052632
64,Q,82,A,0,0.426206,A_1,A_1,1.0,1.0,4.202305793762207,63.253578186035156,4.202305793762207,0.8958333333333334
179,A,222,I,0,0.426131,A_1,A_1,1.0,1.0,2.5581891536712646,15.450420379638672,2.5581891536712646,0.8969072164948454
169,V,199,I,0,0.424436,A_1,A_1,1.0,1.0,2.3944311141967773,36.1431884765625,2.3944311141967773,0.8979591836734694
242,L,302,F,0,0.4242829999999999,A_1,A_1,1.0,1.0,2.251124382019043,55.39484405517578,2.251124382019043,0.898989898989899
195,K,259,E,0,0.422583,A_1,A_1,1.0,1.0,1.995396375656128,32.353294372558594,1.995396375656128,0.9
49,L,306,L,0,0.420705,A_1,A_1,1.0,1.0,2.115973949432373,67.44122314453125,2.115973949432373,0.900990099009901
271,Y,294,E,0,0.419838,A_1,A_1,1.0,1.0,2.641702175140381,59.6217041015625,2.641702175140381,0.9019607843137255
157,V,170,A,0,0.419701,A_1,A_1,1.0,1.0,2.292837619781494,35.424434661865234,2.292837619781494,0.9029126213592233
221,T,267,L,0,0.417676,A_1,A_1,1.0,1.0,4.791389465332031,23.09491729736328,4.791389465332031,0.9038461538461539
58,F,118,L,0,0.417243,A_1,A_1,1.0,1.0,2.8831262588500977,68.4203872680664,2.8831262588500977,0.9047619047619048
57,V,299,L,0,0.416438,A_1,A_1,1.0,1.0,2.6687848567962646,66.83443450927734,2.6687848567962646,0.9056603773584906
101,V,110,Q,0,0.414326,A_1,A_1,1.0,1.0,2.9225144386291504,42.221256256103516,2.9225144386291504,0.9065420560747663
55,R,89,I,0,0.4098819999999999,A_1,A_1,1.0,1.0,2.4059934616088867,57.78339767456055,2.4059934616088867,0.9074074074074074
204,N,265,E,0,0.408099,A_1,A_1,1.0,1.0,1.8584873676300049,25.72260093688965,1.8584873676300049,0.908256880733945
148,G,178,G,0,0.404209,A_1,A_1,0.9999999999999998,0.9999999999999998,4.586666584014893,16.785175323486328,4.586666584014893,0.9090909090909091
269,F,289,I,0,0.401035,A_1,A_1,0.9999999999999996,0.9999999999999997,2.8508691787719727,48.325618743896484,2.8508691787719727,0.9099099099099099
94,A,245,Y,0,0.399591,A_1,A_1,0.9999999999999992,0.9999999999999994,2.28843092918396,48.146183013916016,2.28843092918396,0.9107142857142857
199,I,252,R,0,0.399102,A_1,A_1,0.9999999999999992,0.9999999999999994,2.229422092437744,36.85195541381836,2.229422092437744,0.911504424778761
201,V,248,T,0,0.393646,A_1,A_1,0.9999999999999976,0.9999999999999982,4.4774699211120605,34.40712356567383,4.4774699211120605,0.9122807017543859
95,L,101,V,0,0.390387,A_1,A_1,0.9999999999999956,0.9999999999999967,2.718722105026245,44.561920166015625,2.718722105026245,0.9130434782608695
104,G,150,Q,0,0.389079,A_1,A_1,0.9999999999999944,0.9999999999999958,3.398134469985962,28.237382888793945,3.398134469985962,0.9137931034482759
169,V,255,A,0,0.388402,A_1,A_1,0.9999999999999934,0.9999999999999951,2.2992331981658936,39.681053161621094,2.2992331981658936,0.9145299145299145
65,R,329,K,0,0.388139,A_1,A_1,0.9999999999999932,0.9999999999999949,5.122323989868164,77.13829040527344,5.122323989868164,0.9067796610169492
66,S,125,S,0,0.3841239999999999,A_1,A_1,0.999999999999985,0.9999999999999888,5.819881439208984,58.23505401611328,5.819881439208984,0.8991596638655462
87,S,201,V,0,0.3820719999999999,A_1,A_1,0.9999999999999778,0.9999999999999833,4.201854705810547,34.252044677734375,4.201854705810547,0.9
187,G,200,F,0,0.380001,A_1,A_1,0.9999999999999672,0.9999999999999755,2.818312644958496,18.36658477783203,2.818312644958496,0.9008264462809917
177,G,208,A,0,0.37839,A_1,A_1,0.9999999999999556,0.9999999999999667,2.1698837280273438,26.33000373840332,2.1698837280273438,0.9016393442622951
180,S,216,Q,0,0.377978,A_1,A_1,0.999999999999952,0.999999999999964,1.792600154876709,17.004413604736328,1.792600154876709,0.9024390243902439
94,A,249,A,0,0.376992,A_1,A_1,0.999999999999942,0.9999999999999565,2.561321973800659,46.97370529174805,2.561321973800659,0.9032258064516129
167,K,257,N,0,0.37626,A_1,A_1,0.9999999999999336,0.9999999999999503,3.231409788131714,50.067901611328125,3.231409788131714,0.904
151,Y,174,T,0,0.375802,A_1,A_1,0.9999999999999274,0.9999999999999456,2.212278366088867,19.162586212158203,2.212278366088867,0.9047619047619048
112,I,118,L,0,0.374653,A_1,A_1,0.99999999999991,0.9999999999999325,2.3079841136932373,61.481693267822266,2.3079841136932373,0.905511811023622
240,D,301,R,0,0.373322,A_1,A_1,0.9999999999998846,0.9999999999999135,2.101872444152832,48.20231246948242,2.101872444152832,0.90625
236,V,243,A,0,0.37205,A_1,A_1,0.9999999999998536,0.9999999999998902,2.2301793098449707,36.68822479248047,2.2301793098449707,0.9069767441860465
244,V,266,T,0,0.369351,A_1,A_1,0.9999999999997587,0.999999999999819,2.695680856704712,36.84140396118164,2.695680856704712,0.9076923076923077
53,M,303,R,0,0.368981,A_1,A_1,0.9999999999997417,0.9999999999998063,2.379246711730957,69.36754608154297,2.379246711730957,0.9083969465648855
44,L,245,Y,0,0.366805,A_1,A_1,0.9999999999996148,0.9999999999997111,2.5897505283355713,53.15892791748047,2.5897505283355713,0.9090909090909091
123,L,338,E,0,0.364608,A_1,A_1,0.9999999999994243,0.9999999999995682,2.5741260051727295,60.6234130859375,2.5741260051727295,0.9097744360902256
158,A,197,P,0,0.363721,A_1,A_1,0.9999999999993237,0.9999999999994927,2.370532751083374,35.93660354614258,2.370532751083374,0.9104477611940298
98,E,167,K,0,0.3537639999999999,A_1,A_1,0.9999999999959732,0.99999999999698,2.9995176792144775,54.355995178222656,2.9995176792144775,0.9111111111111111
148,G,184,F,0,0.353623,A_1,A_1,0.9999999999958716,0.9999999999969037,3.5985796451568604,13.267078399658203,3.5985796451568604,0.9117647058823529
102,L,141,L,0,0.353621,A_1,A_1,0.99999999999587,0.9999999999969025,2.3575472831726074,33.82145309448242,2.3575472831726074,0.9124087591240876
110,Q,173,Y,0,0.351616,A_1,A_1,0.999999999994122,0.9999999999955915,2.559663772583008,37.080257415771484,2.559663772583008,0.9130434782608695
56,M,299,L,0,0.350763,A_1,A_1,0.999999999993174,0.9999999999948805,2.2061541080474854,61.85975646972656,2.2061541080474854,0.9136690647482014
87,S,268,T,0,0.350191,A_1,A_1,0.9999999999924556,0.9999999999943416,2.925851821899414,39.54240036010742,2.925851821899414,0.9142857142857143
100,F,139,N,0,0.349464,A_1,A_1,0.9999999999914344,0.9999999999935758,2.3900091648101807,46.222007751464844,2.3900091648101807,0.9148936170212766
55,R,113,W,0,0.348643,A_1,A_1,0.9999999999901176,0.9999999999925882,2.515024423599243,61.380672454833984,2.515024423599243,0.9154929577464789
69,L,126,R,0,0.347059,A_1,A_1,0.9999999999869894,0.999999999990242,4.867745876312256,62.831329345703125,4.867745876312256,0.916083916083916
98,E,139,N,0,0.346978,A_1,A_1,0.9999999999868056,0.9999999999901041,2.5081138610839844,52.124900817871094,2.5081138610839844,0.9166666666666666
54,R,327,E,0,0.345686,A_1,A_1,0.9999999999835044,0.9999999999876283,8.52218246459961,76.77767181396484,8.52218246459961,0.9103448275862069
61,V,328,I,0,0.3428219999999999,A_1,A_1,0.9999999999730216,0.9999999999797662,2.6380059719085693,73.14179229736328,2.6380059719085693,0.910958904109589
118,L,327,E,0,0.342171,A_1,A_1,0.9999999999698472,0.9999999999773854,3.1419801712036133,72.75529479980469,3.1419801712036133,0.9115646258503401
154,T,198,A,0,0.341989,A_1,A_1,0.999999999968896,0.999999999976672,2.432438373565674,28.863550186157227,2.432438373565674,0.9121621621621622
312,W,320,V,0,0.341528,A_1,A_1,0.9999999999663528,0.9999999999747646,2.279318332672119,79.23727416992188,2.279318332672119,0.912751677852349
69,L,332,I,0,0.34138,A_1,A_1,0.9999999999654936,0.9999999999741203,2.3026700019836426,70.7878646850586,2.3026700019836426,0.9133333333333333
170,A,198,A,0,0.33948,A_1,A_1,0.9999999999523536,0.9999999999642651,2.304908037185669,33.14274215698242,2.304908037185669,0.9139072847682119
158,A,196,A,0,0.338648,A_1,A_1,0.9999999999451544,0.9999999999588658,2.4501049518585205,33.09368896484375,2.4501049518585205,0.9144736842105263
100,F,141,L,0,0.337063,A_1,A_1,0.999999999928363,0.9999999999462722,2.082388401031494,38.869964599609375,2.082388401031494,0.9150326797385621
52,L,89,I,0,0.336075,A_1,A_1,0.9999999999154406,0.9999999999365805,2.4374630451202393,55.953102111816406,2.4374630451202393,0.9155844155844156
173,Y,248,T,0,0.335677,A_1,A_1,0.9999999999096112,0.9999999999322084,4.6224799156188965,36.30929183959961,4.6224799156188965,0.9161290322580645
77,F,275,T,0,0.335568,A_1,A_1,0.9999999999079467,0.9999999999309601,2.2657570838928223,43.056819915771484,2.2657570838928223,0.9166666666666666
242,L,305,F,0,0.335156,A_1,A_1,0.9999999999013804,0.9999999999260354,2.8753480911254883,56.88284683227539,2.8753480911254883,0.9171974522292994
155,A,196,A,0,0.333154,A_1,A_1,0.9999999998623292,0.9999999998967469,3.882850170135498,28.20970916748047,3.882850170135498,0.9177215189873418
98,E,114,H,0,0.33303,A_1,A_1,0.9999999998594644,0.9999999998945983,4.5499267578125,53.769081115722656,4.5499267578125,0.9182389937106918
98,E,166,K,0,0.333,A_1,A_1,0.9999999998587626,0.999999999894072,4.331597805023193,53.74217224121094,4.331597805023193,0.91875
303,R,314,E,0,0.33147,A_1,A_1,0.9999999998180203,0.9999999998635153,4.493384838104248,79.7015609741211,4.493384838104248,0.9192546583850931
61,V,321,I,0,0.3281719999999999,A_1,A_1,0.9999999996870058,0.9999999997652543,2.257991075515747,76.9517593383789,2.257991075515747,0.9197530864197531
67,I,276,M,0,0.326333,A_1,A_1,0.999999999577506,0.9999999996831295,2.399233341217041,58.67562484741211,2.399233341217041,0.9202453987730062
59,T,81,T,0,0.3249579999999999,A_1,A_1,0.9999999994718636,0.9999999996038977,2.833864212036133,54.86899948120117,2.833864212036133,0.9207317073170732
52,L,245,Y,0,0.324927,A_1,A_1,0.9999999994692054,0.999999999601904,3.824989080429077,52.737606048583984,3.824989080429077,0.9212121212121213
58,F,324,A,0,0.324783,A_1,A_1,0.9999999994566844,0.9999999995925133,2.369081497192383,73.83746337890625,2.369081497192383,0.9216867469879518
237,D,243,A,0,0.324755,A_1,A_1,0.9999999994542164,0.9999999995906623,3.450387716293335,39.84991455078125,3.450387716293335,0.9221556886227545
282,T,290,E,0,0.3244829999999999,A_1,A_1,0.9999999994296616,0.9999999995722462,5.101643085479736,61.24559783935547,5.101643085479736,0.9166666666666666
353,K,359,E,0,0.324353,A_1,A_1,0.9999999994175462,0.9999999995631597,4.0380096435546875,40.72298812866211,4.0380096435546875,0.9171597633136095
93,F,113,W,0,0.3199889999999999,A_1,A_1,0.9999999988263202,0.9999999991197401,5.3153557777404785,57.11521530151367,5.3153557777404785,0.9117647058823529
271,Y,297,D,0,0.319839,A_1,A_1,0.9999999987979176,0.9999999990984382,2.4967048168182373,58.60856246948242,2.4967048168182373,0.9122807017543859
201,V,244,V,0,0.319375,A_1,A_1,0.9999999987057266,0.9999999990292949,5.2787981033325195,35.98002243041992,5.2787981033325195,0.9069767441860465
26,F,234,V,0,0.318631,A_1,A_1,0.9999999985432508,0.9999999989074382,3.395125389099121,26.7158260345459,3.395125389099121,0.9075144508670521
269,F,293,W,0,0.318497,A_1,A_1,0.9999999985119348,0.9999999988839511,2.577974557876587,45.2738037109375,2.577974557876587,0.9080459770114943
96,E,249,A,0,0.316032,A_1,A_1,0.9999999978029422,0.9999999983522067,7.29992151260376,50.320674896240234,7.29992151260376,0.9028571428571428
81,T,109,P,0,0.313512,A_1,A_1,0.999999996738192,0.999999997553644,2.323349952697754,50.675968170166016,2.323349952697754,0.9034090909090909
206,R,214,E,0,0.31219,A_1,A_1,0.9999999959919572,0.9999999969939679,1.8001210689544678,31.413463592529297,1.8001210689544678,0.903954802259887
231,I,261,P,0,0.310662,A_1,A_1,0.99999999491991,0.9999999961899325,2.1255202293395996,19.85826873779297,2.1255202293395996,0.9044943820224719
54,R,320,V,0,0.310602,A_1,A_1,0.9999999948725304,0.9999999961543978,2.1646130084991455,75.84286499023438,2.1646130084991455,0.9050279329608939
52,L,242,L,0,0.3100719999999999,A_1,A_1,0.9999999944347844,0.9999999958260883,3.2557084560394287,54.217918395996094,3.2557084560394287,0.9055555555555556
70,N,276,M,0,0.309511,A_1,A_1,0.99999999393159,0.9999999954486924,2.4617674350738525,56.894718170166016,2.4617674350738525,0.9060773480662984
57,V,320,V,0,0.308559,A_1,A_1,0.9999999929739488,0.9999999947304616,2.432576894760132,74.32801818847656,2.432576894760132,0.9065934065934066
88,Q,109,P,0,0.30834,A_1,A_1,0.9999999927335498,0.9999999945501623,2.625427722930908,48.118167877197266,2.625427722930908,0.907103825136612
354,M,362,F,0,0.30688,A_1,A_1,0.999999990912159,0.9999999931841193,2.6346209049224854,40.28400421142578,2.6346209049224854,0.907608695652174
234,V,264,I,0,0.306355,A_1,A_1,0.999999990153618,0.9999999926152134,2.4415106773376465,24.550838470458984,2.4415106773376465,0.9081081081081082
48,Q,93,F,0,0.304761,A_1,A_1,0.9999999874508196,0.9999999905881147,2.3200607299804688,60.96485900878906,2.3200607299804688,0.9086021505376344
92,H,173,Y,0,0.304104,A_1,A_1,0.9999999861365512,0.9999999896024134,3.0949268341064453,40.439388275146484,3.0949268341064453,0.9090909090909091
273,P,281,P,0,0.302319,A_1,A_1,0.9999999818483084,0.9999999863862313,2.0952913761138916,53.829864501953125,2.0952913761138916,0.9095744680851063
61,V,324,A,0,0.3014179999999999,A_1,A_1,0.9999999792158042,0.9999999844118531,2.4112095832824707,74.78302001953125,2.4112095832824707,0.91005291005291
53,M,320,V,0,0.299931,A_1,A_1,0.999999974033386,0.9999999805250395,4.373018741607666,73.97483825683594,4.373018741607666,0.9105263157894737
344,T,362,F,0,0.299714,A_1,A_1,0.9999999731784452,0.9999999798838339,2.1596319675445557,44.20018768310547,2.1596319675445557,0.9109947643979057
122,F,335,A,0,0.298484,A_1,A_1,0.9999999677868032,0.9999999758401024,2.8408026695251465,64.67974090576172,2.8408026695251465,0.9114583333333334
254,R,260,G,0,0.297678,A_1,A_1,0.9999999636936304,0.9999999727702228,3.1180193424224854,30.265329360961914,3.1180193424224854,0.9119170984455959
226,A,263,L,0,0.295102,A_1,A_1,0.9999999469036376,0.9999999601777282,2.149104118347168,12.188592910766602,2.149104118347168,0.9123711340206185
50,K,306,L,0,0.294294,A_1,A_1,0.9999999402211436,0.9999999551658577,2.863177537918091,72.5097427368164,2.863177537918091,0.9128205128205128
81,T,108,V,0,0.293851,A_1,A_1,0.999999936215715,0.9999999521617863,4.270135402679443,49.49598693847656,4.270135402679443,0.9132653061224489
77,F,276,M,0,0.293006,A_1,A_1,0.999999927835974,0.9999999458769805,4.376539707183838,47.786319732666016,4.376539707183838,0.9137055837563451
41,M,305,F,0,0.2921289999999999,A_1,A_1,0.9999999180037886,0.9999999385028415,2.9741804599761963,56.61799240112305,2.9741804599761963,0.914572864321608
180,S,225,K,0,0.290085,A_1,A_1,0.9999998897357268,0.9999999173017952,3.933234691619873,10.840091705322266,3.933234691619873,0.915
213,V,222,I,0,0.289255,A_1,A_1,0.999999875716716,0.999999906787537,2.541811943054199,20.89910888671875,2.541811943054199,0.9154228855721394
237,D,301,R,0,0.288769,A_1,A_1,0.9999998667158236,0.9999999000368678,1.748972773551941,44.03165054321289,1.748972773551941,0.9158415841584159
199,I,262,T,0,0.2878469999999999,A_1,A_1,0.9999998478592677,0.9999998858944508,2.8031716346740723,28.538795471191406,2.8031716346740723,0.916256157635468
188,I,263,L,0,0.2873159999999999,A_1,A_1,0.9999998358434116,0.9999998768825586,2.527648448944092,12.115365028381348,2.527648448944092,0.9166666666666666
92,H,114,H,0,0.286808,A_1,A_1,0.9999998234840304,0.9999998676130228,1.9740169048309326,51.91824722290039,1.9740169048309326,0.9170731707317074
89,I,109,P,0,0.28665,A_1,A_1,0.9999998194581724,0.9999998645936293,2.4236254692077637,52.240570068359375,2.4236254692077637,0.9174757281553398
81,T,88,Q,0,0.286076,A_1,A_1,0.9999998040648084,0.9999998530486063,2.3805899620056152,47.91318130493164,2.3805899620056152,0.9178743961352657
174,T,200,F,0,0.2854219999999999,A_1,A_1,0.9999997849632712,0.9999998387224535,5.457174301147461,20.878021240234375,5.457174301147461,0.9134615384615384
237,D,296,K,0,0.283533,A_1,A_1,0.9999997190145574,0.999999789260918,5.225240707397461,42.31074142456055,5.225240707397461,0.9090909090909091
148,G,181,Q,0,0.282945,A_1,A_1,0.9999996947275944,0.9999997710456958,3.1691482067108154,11.846426963806152,3.1691482067108154,0.9095238095238095
82,A,294,E,0,0.282441,A_1,A_1,0.9999996722909869,0.9999997542182402,7.759453773498535,59.523136138916016,7.759453773498535,0.9052132701421801
59,T,113,W,0,0.282423,A_1,A_1,0.9999996714606446,0.9999997535954834,2.134237289428711,58.732704162597656,2.134237289428711,0.9056603773584906
199,I,248,T,0,0.281835,A_1,A_1,0.999999643179311,0.9999997323844833,2.500788450241089,35.688053131103516,2.500788450241089,0.9061032863849765
206,R,213,V,0,0.281782,A_1,A_1,0.9999996405165738,0.9999997303874303,1.9693140983581543,30.585954666137695,1.9693140983581543,0.9065420560747663
94,A,252,R,0,0.279846,A_1,A_1,0.999999528797906,0.9999996465984295,2.728881597518921,44.846675872802734,2.728881597518921,0.9069767441860465
49,L,311,L,0,0.277821,A_1,A_1,0.9999993758731708,0.9999995319048781,3.1570394039154053,70.21099090576172,3.1570394039154053,0.9074074074074074
184,F,263,L,0,0.27708,A_1,A_1,0.9999993086167538,0.9999994814625653,2.438185453414917,12.551396369934082,2.438185453414917,0.9078341013824884
65,R,332,I,0,0.275889,A_1,A_1,0.9999991854674266,0.99999938910057,5.528030872344971,71.94891357421875,5.528030872344971,0.9036697247706422
90,A,248,T,0,0.275378,A_1,A_1,0.9999991263071266,0.999999344730345,4.141058444976807,44.60211181640625,4.141058444976807,0.9041095890410958
58,F,112,I,0,0.273487,A_1,A_1,0.9999988687614776,0.9999991515711082,3.897791862487793,63.34714889526367,3.897791862487793,0.9045454545454545
147,I,178,G,0,0.273203,A_1,A_1,0.9999988241881448,0.9999991181411085,2.352905035018921,18.26272201538086,2.352905035018921,0.9049773755656109
171,I,252,R,0,0.272736,A_1,A_1,0.9999987471513608,0.9999990603635206,5.460622310638428,39.5743293762207,5.460622310638428,0.9009009009009009
128,H,349,I,0,0.271517,A_1,A_1,0.999998522188328,0.999998891641246,7.164580345153809,46.12150192260742,7.164580345153809,0.8968609865470852
120,Q,137,D,0,0.271189,A_1,A_1,0.9999984552341824,0.9999988414256368,9.052820205688477,60.12669372558594,9.052820205688477,0.8928571428571429
49,L,305,F,0,0.270773,A_1,A_1,0.9999983660607944,0.9999987745455958,2.3935184478759766,64.34304809570312,2.3935184478759766,0.8933333333333333
48,Q,249,A,0,0.270248,A_1,A_1,0.9999982463521726,0.9999986847641295,8.632768630981445,56.098140716552734,8.632768630981445,0.8893805309734514
173,Y,201,V,0,0.270158,A_1,A_1,0.9999982249915996,0.9999986687436997,2.3262975215911865,30.1138916015625,2.3262975215911865,0.8898678414096917
96,E,256,I,0,0.270099,A_1,A_1,0.9999982108514482,0.9999986581385862,5.87117338180542,49.63328552246094,5.87117338180542,0.8859649122807017
29,L,35,V,0,0.269704,A_1,A_1,0.9999981133220726,0.9999985849915545,2.2639882564544678,52.032958984375,2.2639882564544678,0.8864628820960698
43,D,249,A,0,0.269183,A_1,A_1,0.9999979767429816,0.9999984825572362,6.590676307678223,51.59193420410156,6.590676307678223,0.8826086956521739
154,T,172,T,0,0.268665,A_1,A_1,0.9999978314378668,0.9999983735784002,2.3036186695098877,27.107851028442383,2.3036186695098877,0.8831168831168831
101,V,114,H,0,0.2676429999999999,A_1,A_1,0.9999975144025957,0.9999981358019467,3.1269173622131348,48.545799255371094,3.1269173622131348,0.8836206896551724
208,A,216,Q,0,0.2672739999999999,A_1,A_1,0.9999973892117672,0.9999980419088254,2.3899004459381104,25.874950408935547,2.3899004459381104,0.8846153846153846
241,P,302,F,0,0.266691,A_1,A_1,0.9999971788275532,0.9999978841206649,2.207798957824707,57.07331466674805,2.207798957824707,0.8851063829787233
209,I,275,T,0,0.266025,A_1,A_1,0.9999969182997432,0.9999976887248074,5.072450160980225,39.99897003173828,5.072450160980225,0.8813559322033898
94,A,248,T,0,0.265756,A_1,A_1,0.9999968065688998,0.9999976049266748,2.4302964210510254,44.18867492675781,2.4302964210510254,0.8818565400843882
91,T,199,I,0,0.265625,A_1,A_1,0.9999967507413856,0.9999975630560392,5.1700544357299805,35.40109634399414,5.1700544357299805,0.8781512605042017
53,M,312,W,0,0.2647989999999999,A_1,A_1,0.9999963762487852,0.9999972821865889,2.7341060638427734,74.43489074707031,2.7341060638427734,0.8786610878661087
100,F,170,A,0,0.2640679999999999,A_1,A_1,0.9999960100979204,0.9999970075734403,2.4675791263580322,39.61949920654297,2.4675791263580322,0.8791666666666667
124,F,132,N,0,0.263321,A_1,A_1,0.9999955988804152,0.9999966991603114,2.4147109985351562,42.98966598510742,2.4147109985351562,0.8796680497925311
96,E,252,R,0,0.262215,A_1,A_1,0.9999949135020104,0.9999961851265078,2.558837890625,48.469688415527344,2.558837890625,0.8801652892561983
348,K,354,M,0,0.261837,A_1,A_1,0.9999946563086908,0.999995992231518,2.1182963848114014,43.32515335083008,2.1182963848114014,0.8806584362139918
84,Q,203,Q,0,0.2610949999999999,A_1,A_1,0.9999941142163302,0.9999955856622477,3.024216413497925,37.361263275146484,3.024216413497925,0.8811475409836066
217,S,225,K,0,0.259712,A_1,A_1,0.9999929578534036,0.9999947183900527,2.274552583694458,8.58067512512207,2.274552583694458,0.8816326530612245
130,R,345,D,0,0.259325,A_1,A_1,0.9999925966068696,0.9999944474551522,6.076536178588867,53.153053283691406,6.076536178588867,0.8780487804878049
199,I,251,A,0,0.2585199999999999,A_1,A_1,0.9999917866467932,0.999993839985095,2.5496914386749268,33.42026138305664,2.5496914386749268,0.8785425101214575
223,A,233,G,0,0.258443,A_1,A_1,0.9999917048126122,0.9999937786094591,2.7580623626708984,15.233304977416992,2.7580623626708984,0.8790322580645161
66,S,122,F,0,0.257717,A_1,A_1,0.9999908933043912,0.9999931699782934,3.014012575149536,62.33000564575195,3.014012575149536,0.8795180722891566
67,I,80,P,0,0.257348,A_1,A_1,0.9999904518293534,0.9999928388720151,2.419055700302124,57.238712310791016,2.419055700302124,0.88
232,V,250,E,0,0.2563809999999999,A_1,A_1,0.9999891941069956,0.9999918955802467,5.312452793121338,26.65226173400879,5.312452793121338,0.8764940239043825
107,D,203,Q,0,0.256165,A_1,A_1,0.9999888919556637,0.9999916689667477,1.756324291229248,35.17646789550781,1.756324291229248,0.876984126984127
117,P,334,K,0,0.2548559999999999,A_1,A_1,0.9999868777528482,0.9999901583146362,4.036526203155518,70.00455474853516,4.036526203155518,0.8774703557312253
219,A,225,K,0,0.254044,A_1,A_1,0.9999854548390856,0.9999890911293142,3.3472323417663574,7.507164478302002,3.3472323417663574,0.8779527559055118
28,I,35,V,0,0.253851,A_1,A_1,0.9999850952420128,0.9999888214315096,2.448122978210449,49.38450241088867,2.448122978210449,0.8784313725490196
222,I,263,L,0,0.253267,A_1,A_1,0.999983953851006,0.9999879653882545,3.0869216918945312,14.642573356628418,3.0869216918945312,0.87890625
151,Y,172,T,0,0.252536,A_1,A_1,0.9999824053251234,0.9999868039938425,2.3505117893218994,22.47294044494629,2.3505117893218994,0.8793774319066148
251,A,264,I,0,0.252503,A_1,A_1,0.9999823321056748,0.9999867490792561,2.39768385887146,29.986583709716797,2.39768385887146,0.8798449612403101
53,M,317,E,0,0.2519889999999999,A_1,A_1,0.9999811528084416,0.9999858646063312,3.078512191772461,74.30220794677734,3.078512191772461,0.8803088803088803
133,Q,142,S,0,0.251977,A_1,A_1,0.9999811243847128,0.9999858432885346,5.556525707244873,46.798213958740234,5.556525707244873,0.8769230769230769
80,P,272,G,0,0.251714,A_1,A_1,0.999980490896075,0.9999853681720563,2.774116277694702,53.113929748535156,2.774116277694702,0.8773946360153256
119,Y,338,E,0,0.251183,A_1,A_1,0.9999791484815084,0.9999843613611312,2.9081640243530273,65.94477844238281,2.9081640243530273,0.8778625954198473
54,R,324,A,0,0.250635,A_1,A_1,0.9999776693800874,0.9999832520350656,5.884619235992432,75.68898010253906,5.884619235992432,0.8745247148288974
239,M,301,R,0,0.248788,A_1,A_1,0.9999718972971372,0.9999789229728528,2.334827184677124,48.07884979248047,2.334827184677124,0.875
126,R,336,D,0,0.248634,A_1,A_1,0.9999713555377754,0.9999785166533315,1.709578514099121,64.22386169433594,1.709578514099121,0.8754716981132076
30,N,36,V,0,0.247822,A_1,A_1,0.9999683274923084,0.9999762456192313,2.3667402267456055,48.755550384521484,2.3667402267456055,0.8759398496240601
147,I,181,Q,0,0.247725,A_1,A_1,0.9999679456837888,0.9999759592628416,2.412675619125366,13.354375839233398,2.412675619125366,0.8764044943820225
82,A,271,Y,0,0.247441,A_1,A_1,0.9999668020123932,0.9999751015092949,1.930812120437622,56.67914581298828,1.930812120437622,0.8768656716417911
92,H,113,W,0,0.247214,A_1,A_1,0.9999658595686935,0.9999743946765202,2.5164482593536377,54.587928771972656,2.5164482593536377,0.8773234200743495
178,G,202,V,0,0.245586,A_1,A_1,0.9999582995930774,0.999968724694808,5.0640740394592285,19.80339241027832,5.0640740394592285,0.8745387453874539
27,Q,36,V,0,0.243878,A_1,A_1,0.9999486333965184,0.9999614750473889,2.616412878036499,42.05009460449219,2.616412878036499,0.875
162,K,196,A,0,0.243817,A_1,A_1,0.9999482508647646,0.9999611881485735,2.5257833003997803,35.91184997558594,2.5257833003997803,0.8754578754578755
25,T,267,L,0,0.243256,A_1,A_1,0.999944601175996,0.999958450881997,2.5602400302886963,29.9600830078125,2.5602400302886963,0.8759124087591241
62,L,122,F,0,0.24245,A_1,A_1,0.9999389187254244,0.9999541890440683,2.470808982849121,62.876075744628906,2.470808982849121,0.8763636363636363
35,V,41,M,0,0.242357,A_1,A_1,0.9999382278819408,0.9999536709114556,2.217867851257324,51.26886749267578,2.217867851257324,0.8768115942028986
118,L,328,I,0,0.2420199999999999,A_1,A_1,0.9999356606485568,0.9999517454864175,2.3010549545288086,69.85079956054688,2.3010549545288086,0.8772563176895307
53,M,321,I,0,0.2417389999999999,A_1,A_1,0.9999334414231488,0.9999500810673616,6.701764106750488,75.53074645996094,6.701764106750488,0.8741007194244604
62,L,112,I,0,0.241662,A_1,A_1,0.9999328205036088,0.9999496153777065,2.4866933822631836,59.807003021240234,2.4866933822631836,0.8745519713261649
158,A,170,A,0,0.241087,A_1,A_1,0.9999280034192396,0.9999460025644297,2.244589328765869,35.08454132080078,2.244589328765869,0.875
250,E,262,T,0,0.240583,A_1,A_1,0.9999235079383514,0.9999426309537636,4.781503677368164,30.485576629638672,4.781503677368164,0.8754448398576512
172,T,198,A,0,0.239635,A_1,A_1,0.999914306150499,0.9999357296128742,4.493630409240723,28.05997085571289,4.493630409240723,0.875886524822695
116,L,138,V,0,0.238932,A_1,A_1,0.9999068008882086,0.9999301006661565,3.2648491859436035,54.51246643066406,3.2648491859436035,0.8763250883392226
56,M,302,F,0,0.237065,A_1,A_1,0.999883655854348,0.999912741890761,2.674422264099121,61.64480209350586,2.674422264099121,0.8736842105263158
172,T,200,F,0,0.236947,A_1,A_1,0.9998820199515032,0.9999115149636274,2.4732353687286377,25.314258575439453,2.4732353687286377,0.8741258741258742
124,F,145,I,0,0.23674,A_1,A_1,0.9998790963813408,0.9999093222860056,3.3430352210998535,35.45547103881836,3.3430352210998535,0.8745644599303136
236,V,244,V,0,0.236564,A_1,A_1,0.999876555727064,0.999907416795298,2.521475315093994,36.457244873046875,2.521475315093994,0.875
240,D,305,F,0,0.236529,A_1,A_1,0.9998760443745952,0.9999070332809464,7.356155872344971,55.63447189331055,7.356155872344971,0.8719723183391004
82,A,272,G,0,0.23634,A_1,A_1,0.9998732475357428,0.999904935651807,3.49367356300354,56.043113708496094,3.49367356300354,0.8724137931034482
79,A,275,T,0,0.2361349999999999,A_1,A_1,0.9998701450588184,0.9999026087941139,2.2816367149353027,45.074581146240234,2.2816367149353027,0.872852233676976
231,I,263,L,0,0.23556,A_1,A_1,0.9998610467591216,0.9998957850693412,2.575317144393921,13.571802139282227,2.575317144393921,0.8732876712328768
43,D,246,A,0,0.234919,A_1,A_1,0.999850178783154,0.9998876340873655,6.167697906494141,50.43898391723633,6.167697906494141,0.8703071672354948
100,F,168,A,0,0.234759,A_1,A_1,0.9998473406689066,0.99988550550168,4.062595844268799,45.172515869140625,4.062595844268799,0.8707482993197279
147,I,179,A,0,0.233656,A_1,A_1,0.9998263149645512,0.9998697362234135,5.271725654602051,17.212982177734375,5.271725654602051,0.8677966101694915
54,R,316,E,0,0.233531,A_1,A_1,0.9998237629742728,0.9998678222307046,1.902743935585022,80.58293151855469,1.902743935585022,0.8682432432432432
269,F,290,E,0,0.2329889999999999,A_1,A_1,0.9998122728970102,0.9998592046727577,2.6879959106445312,53.03329849243164,2.6879959106445312,0.8686868686868687
306,L,312,W,0,0.2325969999999999,A_1,A_1,0.9998035159125586,0.999852636934419,2.2112908363342285,75.1119384765625,2.2112908363342285,0.8691275167785235
199,I,264,I,0,0.232587,A_1,A_1,0.9998032874456184,0.9998524655842138,2.9590439796447754,28.58502960205078,2.9590439796447754,0.8695652173913043
152,I,183,D,0,0.23071,A_1,A_1,0.9997555475383616,0.9998166606537712,2.5278005599975586,9.450925827026367,2.5278005599975586,0.87
92,H,101,V,0,0.2299469999999999,A_1,A_1,0.999733103349211,0.9997998275119082,3.130070209503174,46.247493743896484,3.130070209503174,0.8704318936877077
32,K,304,A,0,0.22918,A_1,A_1,0.9997085461318628,0.999781409598897,3.0190725326538086,64.93453979492188,3.0190725326538086,0.8708609271523179
128,H,345,D,0,0.229091,A_1,A_1,0.9997055594650024,0.9997791695987518,6.068637371063232,51.02192306518555,6.068637371063232,0.8679867986798679
326,E,333,K,0,0.2290309999999999,A_1,A_1,0.999703529363532,0.999777647022649,6.790164470672607,83.77684020996094,6.790164470672607,0.8651315789473685
302,F,311,L,0,0.228927,A_1,A_1,0.9996999785319404,0.9997749838989552,6.872918605804443,68.81622314453125,6.872918605804443,0.8622950819672132
59,T,112,I,0,0.228427,A_1,A_1,0.9996823273477654,0.9997617455108241,5.418857097625732,57.94443893432617,5.418857097625732,0.8594771241830066
201,V,264,I,0,0.228408,A_1,A_1,0.9996816372486024,0.9997612279364518,2.4147889614105225,27.79172134399414,2.4147889614105225,0.8599348534201955
209,I,276,M,0,0.227792,A_1,A_1,0.9996584644776686,0.9997438483582515,8.727884292602539,44.552642822265625,8.727884292602539,0.8571428571428571
79,A,145,I,0,0.226214,A_1,A_1,0.999591452292185,0.9996935892191388,6.68209981918335,37.16158676147461,6.68209981918335,0.8543689320388349
105,Y,150,Q,0,0.2262,A_1,A_1,0.9995908045778588,0.999693103433394,5.073288440704346,26.320751190185547,5.073288440704346,0.8516129032258064
119,Y,327,E,0,0.226,A_1,A_1,0.9995814428867232,0.9996860821650424,6.3824357986450195,73.204833984375,6.3824357986450195,0.8488745980707395
80,P,273,P,0,0.225898,A_1,A_1,0.9995765893770664,0.9996824420327998,2.294294834136963,51.833396911621094,2.294294834136963,0.8493589743589743
86,A,241,P,0,0.225767,A_1,A_1,0.9995702764349984,0.9996777073262488,2.1988227367401123,51.233909606933594,2.1988227367401123,0.8498402555910544
271,Y,300,V,0,0.225448,A_1,A_1,0.9995545224974623,0.9996658918730967,6.484259605407715,61.812747955322266,6.484259605407715,0.8471337579617835
160,G,168,A,0,0.225404,A_1,A_1,0.9995523063938248,0.9996642297953686,7.632304668426514,44.3201904296875,7.632304668426514,0.8444444444444444
199,I,256,I,0,0.2250869999999999,A_1,A_1,0.9995360238617708,0.9996520178963281,5.5552849769592285,38.0083122253418,5.5552849769592285,0.8417721518987342
97,K,114,H,0,0.222344,A_1,A_1,0.9993692258859038,0.9995269194144278,3.091578722000122,56.8179931640625,3.091578722000122,0.8427672955974843
89,I,241,P,0,0.221568,A_1,A_1,0.9993124195953051,0.9994843146964789,5.508793354034424,53.05208969116211,5.508793354034424,0.8401253918495298
152,I,187,G,0,0.221293,A_1,A_1,0.9992911326824838,0.9994683495118628,2.2874231338500977,13.997095108032227,2.2874231338500977,0.840625
67,I,272,G,0,0.220898,A_1,A_1,0.9992594454690286,0.9994445841017714,3.802699565887451,59.14973831176758,3.802699565887451,0.8411214953271028
50,K,317,E,0,0.220606,A_1,A_1,0.9992351505739492,0.9994263629304618,7.641690731048584,76.503173828125,7.641690731048584,0.8385093167701864
179,A,202,V,0,0.2201,A_1,A_1,0.9991912262283824,0.9993934196712868,2.516615629196167,16.644817352294922,2.516615629196167,0.8390092879256966
77,F,134,M,0,0.220028,A_1,A_1,0.9991847825080504,0.9993885868810378,12.525945663452148,43.659481048583984,12.525945663452148,0.8364197530864198
122,F,332,I,0,0.2198449999999999,A_1,A_1,0.999168181982372,0.999376136486779,2.4460556507110596,66.071533203125,2.4460556507110596,0.8369230769230769
239,M,293,W,0,0.219791,A_1,A_1,0.9991632217411764,0.9993724163058824,2.335597515106201,44.18195343017578,2.335597515106201,0.8374233128834356
195,K,232,V,0,0.218779,A_1,A_1,0.999064835197555,0.9992986263981662,7.918445110321045,24.836170196533203,7.918445110321045,0.8348623853211009
44,L,246,A,0,0.218473,A_1,A_1,0.9990329608046866,0.999274720603515,5.936395168304443,50.9653434753418,5.936395168304443,0.8323170731707317
70,N,278,G,0,0.217848,A_1,A_1,0.998964586462604,0.999223439846953,6.556066989898682,57.14731216430664,6.556066989898682,0.8297872340425532
89,I,113,W,0,0.217776,A_1,A_1,0.9989564180034292,0.9992173135025719,2.229746103286743,55.9828987121582,2.229746103286743,0.8303030303030303
213,V,235,Q,0,0.217619,A_1,A_1,0.998938391205766,0.9992037934043245,7.623733043670654,25.352550506591797,7.623733043670654,0.8277945619335347
71,R,276,M,0,0.217416,A_1,A_1,0.998914639274226,0.9991859794556694,2.310338020324707,61.450401306152344,2.310338020324707,0.8283132530120482
88,Q,110,Q,0,0.216779,A_1,A_1,0.9988367510148658,0.9991275632611494,2.50481915473938,44.19594192504883,2.50481915473938,0.8288288288288288
59,T,89,I,0,0.216758,A_1,A_1,0.9988340940860384,0.9991255705645288,2.297665596008301,55.902503967285156,2.297665596008301,0.8293413173652695
347,M,354,M,0,0.2167079999999999,A_1,A_1,0.9988277446110584,0.9991208084582938,2.455435037612915,37.70845031738281,2.455435037612915,0.8298507462686567
101,V,173,Y,0,0.216308,A_1,A_1,0.9987757408471228,0.9990818056353421,2.2156996726989746,35.71080780029297,2.2156996726989746,0.8303571428571429
204,N,213,V,0,0.2155969999999999,A_1,A_1,0.9986777945230476,0.9990083458922857,2.3460404872894287,28.05714225769043,2.3460404872894287,0.8308605341246291
62,L,108,V,0,0.215545,A_1,A_1,0.9986703435470968,0.9990027576603226,4.274807453155518,55.83256912231445,4.274807453155518,0.8313609467455622
300,V,307,E,0,0.215538,A_1,A_1,0.9986693374616477,0.9990020030962358,6.6056623458862305,71.45742797851562,6.6056623458862305,0.8289085545722714
126,R,332,I,0,0.2147739999999999,A_1,A_1,0.9985550318096096,0.9989162738572072,2.2434751987457275,63.02880096435547,2.2434751987457275,0.8294117647058824
41,M,309,K,0,0.211567,A_1,A_1,0.997964072628603,0.9984730544714522,5.340592384338379,59.75518035888672,5.340592384338379,0.827485380116959
154,T,170,A,0,0.2115659999999999,A_1,A_1,0.9979638565300032,0.9984728923975024,2.370439291000366,31.984521865844727,2.370439291000366,0.8279883381924198
62,L,121,A,0,0.2110909999999999,A_1,A_1,0.99785868979133,0.9983940173434975,5.083325386047363,60.4202766418457,5.083325386047363,0.8255813953488372
161,L,167,K,0,0.210692,A_1,A_1,0.9977663520859134,0.998324764064435,5.424437522888184,49.45429229736328,5.424437522888184,0.8231884057971014
144,Q,153,Q,0,0.2106559999999999,A_1,A_1,0.9977578360502112,0.9983183770376584,2.410111427307129,24.228225708007812,2.410111427307129,0.8236994219653179
53,M,299,L,0,0.208686,A_1,A_1,0.9972414122908372,0.9979310592181279,2.7611560821533203,65.93041229248047,2.7611560821533203,0.8242074927953891
150,Q,172,T,0,0.207461,A_1,A_1,0.996864920082524,0.997648690061893,2.4822583198547363,25.852802276611328,2.4822583198547363,0.8247126436781609
91,T,264,I,0,0.207419,A_1,A_1,0.9968511793111868,0.9976383844833902,4.093813896179199,33.41674041748047,4.093813896179199,0.8252148997134671
214,E,220,E,0,0.2071309999999999,A_1,A_1,0.9967553962718746,0.9975665472039059,5.916686058044434,25.285886764526367,5.916686058044434,0.8228571428571428
100,F,157,V,0,0.2067449999999999,A_1,A_1,0.996622651292986,0.9974669884697395,2.332648277282715,37.6518669128418,2.332648277282715,0.8233618233618234
137,D,145,I,0,0.206688,A_1,A_1,0.9966026152168088,0.9974519614126066,20.85474395751953,43.225765228271484,20.85474395751953,0.8210227272727273
112,I,121,A,0,0.206594,A_1,A_1,0.9965693252864803,0.9974269939648602,2.612257242202759,57.33354949951172,2.612257242202759,0.8215297450424929
192,G,229,A,0,0.206154,A_1,A_1,0.9964093186184764,0.9973069889638573,3.3468732833862305,15.687023162841797,3.3468732833862305,0.8220338983050848
66,S,78,Y,0,0.206009,A_1,A_1,0.9963550473077886,0.9972662854808414,2.753838539123535,57.856754302978516,2.753838539123535,0.8225352112676056
104,G,172,T,0,0.205893,A_1,A_1,0.996311067849537,0.9972333008871528,4.983567714691162,30.067930221557617,4.983567714691162,0.8230337078651685
151,Y,188,I,0,0.205887,A_1,A_1,0.9963087793392188,0.9972315845044141,2.372689962387085,14.019573211669922,2.372689962387085,0.8235294117647058
79,A,108,V,0,0.2057949999999999,A_1,A_1,0.996273518848386,0.9972051391362895,4.8007588386535645,46.79270553588867,4.8007588386535645,0.8240223463687151
45,T,51,E,0,0.2052469999999999,A_1,A_1,0.9960567417727468,0.9970425563295602,5.838996887207031,70.86856842041016,5.838996887207031,0.8217270194986073
118,L,331,A,0,0.204612,A_1,A_1,0.9957905140565856,0.9968428855424392,2.438769817352295,69.7583999633789,2.438769817352295,0.8222222222222222
103,P,110,Q,0,0.204432,A_1,A_1,0.9957119860662194,0.9967839895496645,3.8204221725463867,40.08281707763672,3.8204221725463867,0.8227146814404432
203,Q,268,T,0,0.2044109999999999,A_1,A_1,0.9957027340840368,0.9967770505630276,3.005105972290039,35.73816680908203,3.005105972290039,0.8232044198895028
224,Q,235,Q,0,0.204147,A_1,A_1,0.9955847891716312,0.9966885918787234,5.110233306884766,15.162221908569336,5.110233306884766,0.8209366391184573
286,T,292,E,0,0.203654,A_1,A_1,0.995356233379286,0.9965171750344646,6.152461528778076,55.78617477416992,6.152461528778076,0.8186813186813187
108,V,121,A,0,0.203268,A_1,A_1,0.9951694659140644,0.9963770994355483,2.483950614929199,52.939697265625,2.483950614929199,0.8191780821917808
95,L,199,I,0,0.202934,A_1,A_1,0.995002109755166,0.9962515823163745,3.149169921875,38.39142608642578,3.149169921875,0.819672131147541
160,G,166,K,0,0.202542,A_1,A_1,0.99479865404587,0.9960989905344024,5.018895149230957,47.24149703979492,5.018895149230957,0.8174386920980926
92,H,110,Q,0,0.201593,A_1,A_1,0.9942729878038394,0.9957047408528796,2.6748921871185303,46.612762451171875,2.6748921871185303,0.8179347826086957
96,E,253,E,0,0.201589,A_1,A_1,0.9942706688420724,0.9957030016315542,8.354809761047363,49.99516296386719,8.354809761047363,0.8157181571815718
272,G,281,P,0,0.2010819999999999,A_1,A_1,0.9939694056861276,0.9954770542645957,3.905386209487915,55.35894012451172,3.905386209487915,0.8162162162162162
26,F,246,A,0,0.200188,A_1,A_1,0.9934011902611192,0.9950508926958394,2.2754783630371094,36.10310363769531,2.2754783630371094,0.816711590296496
184,F,225,K,0,0.200092,A_1,A_1,0.993337238779458,0.9950029290845935,2.453601121902466,8.686314582824707,2.453601121902466,0.8172043010752689
95,L,169,V,0,0.19879,A_1,A_1,0.9924097137299543,0.9943072852974657,3.206205129623413,42.99827194213867,3.206205129623413,0.8176943699731903
101,V,140,A,0,0.198228,A_1,A_1,0.9919726467664376,0.9939794850748283,2.4127650260925293,44.38542556762695,2.4127650260925293,0.8181818181818182
31,E,295,Q,0,0.198131,A_1,A_1,0.9918948384386872,0.9939211288290154,3.3262057304382324,58.01327133178711,3.3262057304382324,0.8186666666666667
27,Q,296,K,0,0.197283,A_1,A_1,0.9911835467978704,0.9933876600984027,6.222447872161865,42.05316925048828,6.222447872161865,0.8164893617021277
77,F,209,I,0,0.197189,A_1,A_1,0.9911011622338852,0.9933258716754139,7.621649265289307,38.286537170410156,7.621649265289307,0.8143236074270557
102,L,172,T,0,0.1968109999999999,A_1,A_1,0.9907624639774182,0.9930718479830636,1.7765928506851196,29.789226531982422,1.7765928506851196,0.8148148148148148
91,T,110,Q,0,0.196657,A_1,A_1,0.990621012341413,0.9929657592560597,4.131195545196533,42.47433090209961,4.131195545196533,0.8153034300791556
116,L,128,H,0,0.196326,A_1,A_1,0.9903100257064118,0.9927325192798089,8.32051944732666,54.12796401977539,8.32051944732666,0.8131578947368421
52,L,90,A,0,0.1963,A_1,A_1,0.9902851895249588,0.9927138921437191,2.5784738063812256,54.81678771972656,2.5784738063812256,0.8136482939632546
180,S,217,S,0,0.196275,A_1,A_1,0.9902612518883396,0.9926959389162546,4.34362268447876,15.568747520446777,4.34362268447876,0.8141361256544503
58,F,328,I,0,0.196243,A_1,A_1,0.990230530415756,0.992672897811817,3.628565549850464,72.08015441894531,3.628565549850464,0.814621409921671
102,L,154,T,0,0.195846,A_1,A_1,0.9898417013702684,0.9923812760277013,2.4131414890289307,29.453096389770508,2.4131414890289307,0.8151041666666666
26,F,40,A,0,0.195678,A_1,A_1,0.9896727988635664,0.9922545991476748,2.1354706287384033,36.079750061035156,2.1354706287384033,0.8155844155844156
104,G,174,T,0,0.19548,A_1,A_1,0.9894703330404462,0.9921027497803346,3.960642099380493,28.31399154663086,3.960642099380493,0.8160621761658031
103,P,143,P,0,0.193854,A_1,A_1,0.9876602320994432,0.9907451740745824,1.971449375152588,36.803104400634766,1.971449375152588,0.8165374677002584
123,L,334,K,0,0.193819,A_1,A_1,0.9876182238722544,0.9907136679041908,4.8482489585876465,65.2696762084961,4.8482489585876465,0.8170103092783505
355,P,361,Q,0,0.193475,A_1,A_1,0.98719812128747,0.9903985909656025,5.89975118637085,28.655744552612305,5.89975118637085,0.8149100257069408
103,P,140,A,0,0.193379,A_1,A_1,0.98707851236703,0.9903088842752725,3.273407220840454,40.60432815551758,3.273407220840454,0.8153846153846154
110,Q,171,I,0,0.193333,A_1,A_1,0.9870208281174028,0.990265621088052,5.468987941741943,38.9161262512207,5.468987941741943,0.8132992327365729
77,F,125,S,0,0.193181,A_1,A_1,0.9868284928890778,0.9901213696668083,1.662500262260437,47.35366439819336,1.662500262260437,0.8137755102040817
303,R,312,W,0,0.193162,A_1,A_1,0.9868042634846566,0.9901031976134924,2.2592875957489014,74.5954360961914,2.2592875957489014,0.8142493638676844
105,Y,143,P,0,0.1928369999999999,A_1,A_1,0.9863832715583692,0.989787453668777,2.1415646076202393,34.26864242553711,2.1415646076202393,0.8147208121827412
67,I,273,P,0,0.1926119999999999,A_1,A_1,0.9860844595920024,0.9895633446940018,3.5813212394714355,57.78392791748047,3.5813212394714355,0.8151898734177215
44,L,302,F,0,0.192346,A_1,A_1,0.9857232568849446,0.9892924426637084,4.668112754821777,60.03059005737305,4.668112754821777,0.8156565656565656
232,V,262,T,0,0.191937,A_1,A_1,0.985150667287809,0.9888630004658567,2.5248286724090576,22.25882911682129,2.5248286724090576,0.8161209068010076
236,V,264,I,0,0.1917869999999999,A_1,A_1,0.9849353255126664,0.9887014941344998,2.6999621391296387,28.525850296020508,2.6999621391296387,0.8165829145728644
207,Y,271,Y,0,0.191616,A_1,A_1,0.9846862659892582,0.9885146994919437,8.447816848754883,47.0260009765625,8.447816848754883,0.8145363408521303
303,R,318,A,0,0.191499,A_1,A_1,0.984513639032018,0.9883852292740135,7.239664554595947,80.12145233154297,7.239664554595947,0.8125
121,A,143,P,0,0.191127,A_1,A_1,0.9839525835910372,0.9879644376932779,5.579296588897705,47.40185546875,5.579296588897705,0.8109452736318408
67,I,82,A,0,0.191117,A_1,A_1,0.9839372419734366,0.9879529314800775,4.636335849761963,60.30125427246094,4.636335849761963,0.8114143920595533
42,P,48,Q,0,0.190484,A_1,A_1,0.982937698353662,0.9872032737652465,7.2700276374816895,59.34796905517578,7.2700276374816895,0.8094059405940595
167,K,253,E,0,0.190404,A_1,A_1,0.9828073125649917,0.9871054844237437,6.6762261390686035,49.0698356628418,6.6762261390686035,0.8074074074074075
101,V,171,I,0,0.190274,A_1,A_1,0.9825934475177768,0.9869450856383326,2.5571210384368896,39.547523498535156,2.5571210384368896,0.8078817733990148
148,G,174,T,0,0.189894,A_1,A_1,0.9819539646450844,0.9864654734838133,3.987999200820923,19.585601806640625,3.987999200820923,0.8083538083538083
141,L,157,V,0,0.189649,A_1,A_1,0.9815301060940193,0.9861475795705145,4.548848628997803,34.16816329956055,4.548848628997803,0.8088235294117647
239,M,269,F,0,0.1892329999999999,A_1,A_1,0.98078906885443,0.9855918016408225,3.2091445922851562,46.395973205566406,3.2091445922851562,0.8092909535452323
117,P,330,Q,0,0.1890369999999999,A_1,A_1,0.9804304023780186,0.985322801783514,9.116976737976074,72.71495056152344,9.116976737976074,0.8073170731707318
179,A,263,L,0,0.188499,A_1,A_1,0.979413580504224,0.984560185378168,5.369863033294678,13.603081703186035,5.369863033294678,0.805352798053528
151,Y,202,V,0,0.1884819999999999,A_1,A_1,0.979380662912542,0.9845354971844065,2.501720428466797,19.06519889831543,2.501720428466797,0.8058252427184466
64,Q,272,G,0,0.18694,A_1,A_1,0.976182863178358,0.9821371473837686,7.819155693054199,61.81196975708008,7.819155693054199,0.8038740920096852
81,T,87,S,0,0.186863,A_1,A_1,0.9760117141804584,0.9820087856353438,6.704629898071289,46.124107360839844,6.704629898071289,0.8019323671497585
84,Q,104,G,0,0.186842,A_1,A_1,0.9759648398488648,0.9819736298866486,8.245250701904297,38.68241500854492,8.245250701904297,0.8
78,Y,276,M,0,0.186238,A_1,A_1,0.9745797954201956,0.9809348465651466,2.0715548992156982,52.98242950439453,2.0715548992156982,0.8004807692307693
62,L,118,L,0,0.185902,A_1,A_1,0.9737777177270862,0.9803332882953146,2.2849314212799072,64.72290802001953,2.2849314212799072,0.8009592326139089
185,Y,226,A,0,0.185598,A_1,A_1,0.9730319527197704,0.9797739645398278,6.383613586425781,7.7370805740356445,6.383613586425781,0.7990430622009569
62,L,125,S,0,0.185596,A_1,A_1,0.9730269822034128,0.9797702366525596,7.727323055267334,58.52434539794922,7.727323055267334,0.7971360381861575
87,S,203,Q,0,0.185475,A_1,A_1,0.9727246888448948,0.9795435166336711,1.8649916648864746,35.96141815185547,1.8649916648864746,0.7976190476190477
123,L,335,A,0,0.184674,A_1,A_1,0.9706434785697198,0.9779826089272898,2.658189296722412,62.12075424194336,2.658189296722412,0.7980997624703088
60,R,82,A,0,0.184492,A_1,A_1,0.970150661078086,0.9776129958085645,2.7719621658325195,59.432247161865234,2.7719621658325195,0.7985781990521327
132,N,349,I,0,0.184363,A_1,A_1,0.9697967636828762,0.9773475727621571,6.264152526855469,42.87727737426758,6.264152526855469,0.7966903073286052
271,Y,290,E,0,0.184136,A_1,A_1,0.9691646411688868,0.976873480876665,4.270425319671631,58.06597900390625,4.270425319671631,0.7971698113207547
269,F,285,R,0,0.183595,A_1,A_1,0.96760888093303,0.9757066606997725,2.2970142364501953,48.83775329589844,2.2970142364501953,0.7976470588235294
305,F,311,L,0,0.183344,A_1,A_1,0.9668629305414524,0.9751471979060893,4.851428985595703,69.94474029541016,4.851428985595703,0.7981220657276995
108,V,133,Q,0,0.183308,A_1,A_1,0.9667546616622896,0.9750659962467172,11.001900672912598,50.869361877441406,11.001900672912598,0.7962529274004684
56,M,86,A,0,0.183151,A_1,A_1,0.9662786954472165,0.9747090215854124,3.3332207202911377,55.24521255493164,3.3332207202911377,0.7967289719626168
179,A,213,V,0,0.1831279999999999,A_1,A_1,0.96620844693732,0.97465633520299,5.536627292633057,20.60072898864746,5.536627292633057,0.7948717948717948
300,V,321,I,0,0.183121,A_1,A_1,0.9661870404127104,0.9746402803095329,10.641326904296875,74.42381286621094,10.641326904296875,0.7930232558139535
79,A,124,F,0,0.182593,A_1,A_1,0.9645361983531634,0.9734021487648725,5.364923477172852,44.254329681396484,5.364923477172852,0.7911832946635731
134,M,147,I,0,0.182174,A_1,A_1,0.9631741847226294,0.972380638541972,16.164365768432617,32.98393249511719,16.164365768432617,0.7893518518518519
43,D,245,Y,0,0.1814599999999999,A_1,A_1,0.9607431146694444,0.9705573360020833,3.8084263801574707,52.69583511352539,3.8084263801574707,0.789838337182448
102,L,150,Q,0,0.1813799999999999,A_1,A_1,0.9604618355621052,0.9703463766715789,2.3046324253082275,27.369956970214844,2.3046324253082275,0.7903225806451613
70,N,275,T,0,0.181322,A_1,A_1,0.9602567661071516,0.9701925745803637,6.514754772186279,52.18238067626953,6.514754772186279,0.7885057471264367
200,F,231,I,0,0.181277,A_1,A_1,0.960096996376451,0.9700727472823383,3.496741771697998,18.852916717529297,3.496741771697998,0.7889908256880734
108,V,132,N,0,0.1811559999999999,A_1,A_1,0.9596645007267908,0.9697483755450931,7.997400760650635,46.54222869873047,7.997400760650635,0.7871853546910755
105,Y,275,T,0,0.180979,A_1,A_1,0.9590241868572534,0.96926814014294,3.9048142433166504,38.24496078491211,3.9048142433166504,0.7876712328767124
268,T,293,W,0,0.180412,A_1,A_1,0.9569105895801912,0.9676829421851434,2.7765681743621826,41.45450973510742,2.7765681743621826,0.7881548974943052
101,V,139,N,0,0.180395,A_1,A_1,0.956845724790075,0.9676342935925563,1.935531735420227,46.000118255615234,1.935531735420227,0.7886363636363637
130,R,348,K,0,0.1801029999999999,A_1,A_1,0.9557177325416456,0.9667882994062342,7.946667671203613,51.72491455078125,7.946667671203613,0.7868480725623582
227,V,233,G,0,0.179716,A_1,A_1,0.9541818178435252,0.9656363633826439,5.1497955322265625,8.137151718139648,5.1497955322265625,0.7850678733031674
107,D,173,Y,0,0.17925,A_1,A_1,0.9522688824986468,0.9642016618739851,2.5037734508514404,34.32455062866211,2.5037734508514404,0.7855530474040632
145,I,275,T,0,0.179143,A_1,A_1,0.9518196499220176,0.9638647374415132,6.789885520935059,35.8890495300293,6.789885520935059,0.7837837837837838
104,G,178,G,0,0.1789369999999999,A_1,A_1,0.9509440838888062,0.9632080629166047,7.922187805175781,25.4107723236084,7.922187805175781,0.7820224719101123
110,Q,203,Q,0,0.178847,A_1,A_1,0.9505571011862418,0.9629178258896813,2.74810528755188,37.22582244873047,2.74810528755188,0.7825112107623319
161,L,262,T,0,0.1786559999999999,A_1,A_1,0.9497267723589428,0.9622950792692071,10.842158317565918,35.37042236328125,10.842158317565918,0.7807606263982103
59,T,88,Q,0,0.176792,A_1,A_1,0.9409468978434608,0.9557101733825956,4.208190441131592,52.173946380615234,4.208190441131592,0.7817371937639198
120,Q,130,R,0,0.176246,A_1,A_1,0.9381301823801927,0.9535976367851445,1.7994099855422974,57.51751708984375,1.7994099855422974,0.7822222222222223
105,Y,147,I,0,0.176221,A_1,A_1,0.9379984258883752,0.9534988194162815,2.3355770111083984,24.857755661010742,2.3355770111083984,0.7827050997782705
159,L,194,Y,0,0.176102,A_1,A_1,0.93736787625147,0.9530259071886025,2.2418904304504395,31.739473342895508,2.2418904304504395,0.7831858407079646
319,K,326,E,0,0.175479,A_1,A_1,0.9339740116094772,0.950480508707108,6.7831878662109375,88.93090057373047,6.7831878662109375,0.7814569536423841
294,E,300,V,0,0.175289,A_1,A_1,0.9329074267276156,0.9496805700457117,4.098029136657715,63.37514877319336,4.098029136657715,0.7819383259911894
185,Y,228,A,0,0.175171,A_1,A_1,0.9322374728736396,0.9491781046552297,2.3256256580352783,4.807682514190674,2.3256256580352783,0.7824175824175824
233,G,262,T,0,0.1751339999999999,A_1,A_1,0.9320262039479952,0.9490196529609964,3.8307554721832275,20.65838623046875,3.8307554721832275,0.7828947368421053
210,S,275,T,0,0.1749079999999999,A_1,A_1,0.9307232415490998,0.9480424311618249,8.45055866241455,42.451412200927734,8.45055866241455,0.7811816192560175
108,V,143,P,0,0.174139,A_1,A_1,0.9261256757210268,0.9445942567907701,2.3507916927337646,43.179443359375,2.3507916927337646,0.7816593886462883
105,Y,276,M,0,0.17362,A_1,A_1,0.9228756066649684,0.9421567049987263,7.692874908447266,42.95872116088867,7.692874908447266,0.7799564270152506
50,K,313,S,0,0.1731869999999999,A_1,A_1,0.9200706396050948,0.9400529797038211,5.307273864746094,80.374267578125,5.307273864746094,0.7782608695652173
44,L,242,L,0,0.1731359999999999,A_1,A_1,0.9197345729090484,0.9398009296817863,2.7551846504211426,54.18556213378906,2.7551846504211426,0.7787418655097614
91,T,101,V,0,0.172361,A_1,A_1,0.9144770844643232,0.9358578133482424,7.411703586578369,42.05936813354492,7.411703586578369,0.7770562770562771
129,F,135,P,0,0.172044,A_1,A_1,0.9122436843564145,0.9341827632673109,8.928804397583008,55.26243209838867,8.928804397583008,0.775377969762419
93,F,241,P,0,0.1718329999999999,A_1,A_1,0.9107298726655346,0.933047404499151,6.301259994506836,53.535118103027344,6.301259994506836,0.7737068965517241
235,Q,265,E,0,0.171774,A_1,A_1,0.9103026516869638,0.9327269887652229,1.8394227027893066,23.66385269165039,1.8394227027893066,0.7741935483870968
315,E,322,E,0,0.171745,A_1,A_1,0.9100920296907185,0.9325690222680388,6.92464542388916,92.17411804199219,6.92464542388916,0.7725321888412017
210,S,276,M,0,0.171447,A_1,A_1,0.9079034359537808,0.9309275769653356,12.272797584533691,46.91423416137695,12.272797584533691,0.7708779443254818
77,F,133,Q,0,0.171163,A_1,A_1,0.905776125137478,0.9293320938531084,13.520716667175293,45.374141693115234,13.520716667175293,0.7692307692307693
250,E,257,N,0,0.171091,A_1,A_1,0.9052303048157256,0.9289227286117943,6.404565334320068,39.25514221191406,6.404565334320068,0.767590618336887
176,D,222,I,0,0.17068,A_1,A_1,0.9020636771252264,0.9265477578439199,2.2750320434570312,20.254226684570312,2.2750320434570312,0.7680851063829788
120,Q,128,H,0,0.170441,A_1,A_1,0.9001820224198603,0.9251365168148953,5.944281578063965,55.95807647705078,5.944281578063965,0.7664543524416136
