i,A_i,j,A_j,fn,cn,segment_i,segment_j,mad_score,probability,score,size,dist_intra,dist_multimer,dist,precision
162,K,192,K,0,2.205355,A,A,69.43854108025538,1.0,45.05710519861467,1.0,2.052619695663452,39.10429763793945,2.052619695663452,1.0
233,V,243,A,0,1.914025,A,A,60.29052464830396,1.0,38.882802697858125,1.0,2.4561657905578613,27.029170989990234,2.4561657905578613,1.0
411,S,423,F,0,1.624812,A,A,51.20898386522647,0.9999999999999932,32.6453347283049,0.9999999999999949,2.8718316555023193,38.35417938232422,2.8718316555023193,1.0
100,C,115,T,0,1.581442,A,A,49.84712798820132,0.9999999999999836,31.738138910460407,0.9999999999999877,2.003997325897217,17.251399993896484,2.003997325897217,1.0
168,E,199,Q,0,1.51258,A,A,47.6848010478346,0.9999999999999272,30.25122961257081,0.9999999999999453,2.404374361038208,44.55220031738281,2.404374361038208,1.0
161,T,177,M,0,1.2178,A,A,38.42845160283875,0.9999999999601776,23.946592035046663,0.9999999999700808,2.3737003803253174,28.756534576416016,2.3737003803253174,1.0
84,P,109,K,0,1.179577,A,A,37.22821602092656,0.9999999999101524,23.132906183912787,0.999999999932496,2.3070390224456787,29.092132568359375,2.3070390224456787,1.0
164,I,196,K,0,1.135652,A,A,35.84893265919428,0.999999999771778,22.20070233665361,0.9999999998285329,3.8648672103881836,40.924522399902344,3.8648672103881836,1.0
85,V,112,I,0,1.133981,A,A,35.796461799832755,0.9999999997552792,22.13090403840173,0.9999999998161371,2.3201634883880615,30.74704360961914,2.3201634883880615,1.0
176,I,192,K,0,1.098032,A,A,34.66763180390984,0.9999999994370774,21.29787889505519,0.9999999995770668,2.3997280597686768,38.5356330871582,2.3997280597686768,1.0
224,I,255,V,0,1.07257,A,A,33.868102766768644,0.9999999990943608,20.822380131774697,0.999999999319578,2.3763370513916016,34.28635025024414,2.3763370513916016,1.0
14,L,41,Y,0,1.05368,A,A,33.27494026925873,0.9999999978483348,19.957023808581635,0.9999999983834175,2.6614627838134766,33.408729553222656,2.6614627838134766,1.0
161,T,175,A,0,1.03827,A,A,32.791052810993634,0.9999999981516958,20.108997302353547,0.9999999986113378,2.8563451766967773,28.013072967529297,2.8563451766967773,1.0
158,K,181,G,0,1.037806,A,A,32.77648280576099,0.9999999978861154,19.974738498014133,0.9999999984118028,4.025526523590088,43.36601638793945,4.025526523590088,1.0
91,T,101,A,0,1.034473,A,A,32.671823694898066,0.9999999979882136,20.02424272915848,0.9999999984885108,2.626493453979492,29.97284507751465,2.626493453979492,1.0
292,F,424,M,0,0.996691,A,A,31.48543589813156,0.9999999952473332,19.164559971091435,0.9999999964292409,2.40604567527771,37.875640869140625,2.40604567527771,1.0
408,S,423,F,0,0.995623,A,A,31.4518997653978,0.9999999952697556,19.16928895584732,0.9999999964460872,2.4595322608947754,37.25685119628906,2.4595322608947754,1.0
160,I,180,E,0,0.983091,A,A,31.05838402062309,0.9999999938289226,18.903392404385265,0.999999995363565,2.2766647338867188,39.256797790527344,2.2766647338867188,1.0
137,V,153,R,0,0.950558,A,A,30.03681940805084,0.999999987964312,18.23538959015701,0.9999999909573838,3.756450653076172,16.730791091918945,3.756450653076172,1.0
101,A,112,I,0,0.94078,A,A,29.729781668471592,0.9999999840845202,17.955973616945712,0.9999999880424304,2.2601609230041504,22.631065368652344,2.2601609230041504,1.0
150,I,245,L,0,0.93902,A,A,29.674516131382266,0.9999999841647068,17.961024637274598,0.999999988102676,2.3948755264282227,19.49959945678711,2.3948755264282227,1.0
298,I,409,M,0,0.933066,A,A,29.487555331478926,0.9999999820530304,17.83584454529633,0.9999999865161379,2.3096024990081787,26.95853042602539,2.3096024990081787,1.0
245,L,252,V,0,0.863049,A,A,27.288960382397327,0.999999918993773,16.32873972977962,0.9999999391386496,2.1830053329467773,25.054241180419922,2.1830053329467773,1.0
74,K,84,P,0,0.861611,A,A,27.24380592652548,0.9999999165250598,16.29871928514797,0.9999999372838636,6.293610572814941,29.060222625732422,6.293610572814941,0.9615384615384616
95,I,101,A,0,0.828973,A,A,26.218944222251867,0.9999998304077384,15.589868573693364,0.9999998725824613,2.324510335922241,28.956144332885742,2.324510335922241,0.9629629629629629
31,K,39,V,0,0.8098479999999999,A,A,25.618402519505597,0.9999997662616408,15.269063236015096,0.9999998243884115,2.058151960372925,26.918209075927734,2.058151960372925,0.9642857142857143
331,A,378,L,0,0.7964680000000001,A,A,25.19825883413331,0.9999996694416418,14.92248228704354,0.9999997516459063,2.205838441848755,19.340059280395508,2.205838441848755,0.9333333333333333
11,H,39,V,0,0.7947069999999999,A,A,25.14296189617063,0.9999986563707918,13.520134896971353,0.9999989905086167,5.1676483154296875,36.21324157714844,5.1676483154296875,0.9032258064516129
163,K,173,P,0,0.791651,A,A,25.04700082722461,0.999999614237101,14.768042521687269,0.9999997101697997,4.705503940582275,24.10899543762207,4.705503940582275,0.90625
27,L,45,F,0,0.791561,A,A,25.04417474862345,0.9999996149423864,14.769872483581237,0.9999997106996926,2.5000579357147217,25.294788360595703,2.5000579357147217,0.9090909090909091
150,I,177,M,0,0.787759,A,A,24.92478862816116,0.9999995601363182,14.636800532365816,0.9999996695229653,2.4732096195220947,25.522077560424805,2.4732096195220947,0.9117647058823529
166,I,195,L,0,0.7779550000000001,A,A,24.61693446587492,0.9999994850674818,14.479229462666266,0.9999996131224769,2.4802191257476807,33.504337310791016,2.4802191257476807,0.8888888888888888
23,E,180,E,0,0.777673,A,A,24.608079419591284,0.9999993953301226,14.318582580283216,0.9999995457012789,4.181590557098389,38.81761169433594,4.181590557098389,0.8918918918918919
227,T,233,V,0,0.765378,A,A,24.22200568179963,0.99999927987556,14.143841086431662,0.9999994589583103,2.558102607727051,22.27108383178711,2.558102607727051,0.8947368421052632
164,I,192,K,0,0.7651479999999999,A,A,24.21478348093,0.9999993411683344,14.23279711508525,0.9999995050086099,3.671037435531616,36.103050231933594,3.671037435531616,0.8974358974358975
335,E,405,R,0,0.7601680000000001,A,A,24.05840713166588,0.9999992227380904,14.067487687966317,0.9999994160299616,1.8266767263412476,19.903995513916016,1.8266767263412476,0.9
408,S,427,V,0,0.758811,A,A,24.015796146535067,0.9999992666735014,14.125674072972837,0.9999994490393801,5.44597053527832,37.25847244262695,5.44597053527832,0.8780487804878049
94,S,112,I,0,0.7569779999999999,A,A,23.958238345691463,0.9999992056968884,14.045799901450849,0.999999403226618,2.2390248775482178,27.66465950012207,2.2390248775482178,0.8809523809523809
143,I,175,A,0,0.7531329999999999,A,A,23.837501987675285,0.9999990866822211,13.90618104353245,0.9999993138088824,2.555468797683716,24.71356964111328,2.555468797683716,0.8837209302325582
86,E,109,K,0,0.745348,A,A,23.59304618867504,0.9999990140034823,13.829612028140682,0.9999992592041149,1.7675353288650513,35.63711166381836,1.7675353288650513,0.8863636363636364
412,A,420,I,0,0.7447729999999999,A,A,23.574990686500964,0.9999989753906112,13.791198077726492,0.9999992301936108,2.3653669357299805,35.40229797363281,2.3653669357299805,0.8888888888888888
163,K,175,A,0,0.724144,A,A,22.927222070242,0.9999983575031772,13.319291378446117,0.9999987659643155,2.326963424682617,29.42933464050293,2.326963424682617,0.8913043478260869
328,I,413,A,0,0.720428,A,A,22.81053642488748,0.9999982779920324,13.272017802977476,0.9999987062262456,2.173370361328125,32.82319259643555,2.173370361328125,0.8936170212765957
99,N,116,G,0,0.7181420000000001,A,A,22.738754028418047,0.9999981605961098,13.206067172204303,0.9999986180247005,2.1951041221618652,19.515432357788086,2.1951041221618652,0.8958333333333334
165,M,173,P,0,0.717021,A,A,22.703553649396945,0.9999981419848292,13.195999894544144,0.99999860404173,2.6548824310302734,30.634841918945312,2.6548824310302734,0.8979591836734694
166,I,174,A,0,0.7167680000000001,A,A,22.695609228440357,0.9999981422825484,13.196160142748075,0.9999986042654114,2.4641549587249756,32.135894775390625,2.4641549587249756,0.9
205,D,249,S,0,0.7131529999999999,A,A,22.5820950712938,0.9999978535041174,13.05167172097257,0.9999983873012848,2.406830310821533,21.850019454956055,2.406830310821533,0.9019607843137255
33,M,39,V,0,0.711707,A,A,22.53668940843518,0.9999980047730148,13.12475074193959,0.9999985009521697,2.152738571166992,25.894935607910156,2.152738571166992,0.9038461538461539
50,D,117,K,0,0.710527,A,A,22.499636377886656,0.9999975131010502,12.90447153844196,0.9999981315506945,1.7821588516235352,8.371761322021484,1.7821588516235352,0.9056603773584906
22,K,160,I,0,0.7097439999999999,A,A,22.47504949405657,0.9999975954789928,12.938157435191629,0.9999981934426382,6.144357681274414,38.80424118041992,6.144357681274414,0.8888888888888888
236,A,254,L,0,0.7029479999999999,A,A,22.261649158795723,0.9999972448279169,12.802027899975675,0.9999979299925452,2.467620372772217,27.6379337310791,2.467620372772217,0.8909090909090909
191,V,255,V,0,0.701221,A,A,22.207419850526826,0.9999973378283696,12.836365703653009,0.9999979998653608,2.377974271774292,37.55792999267578,2.377974271774292,0.8928571428571429
263,M,287,I,0,0.688427,A,A,21.80567707693541,0.9999965042633874,12.563962946915945,0.9999973735938702,2.081758975982666,29.53892707824707,2.081758975982666,0.8947368421052632
191,V,242,V,0,0.6856899999999999,A,A,21.71973288658683,0.9999963945041512,12.533047646482723,0.9999972911298969,2.8333075046539307,36.360389709472656,2.8333075046539307,0.896551724137931
158,K,180,E,0,0.685371,A,A,21.70971600798939,0.9999963081003552,12.509365731549227,0.9999972262132614,1.9148156642913818,40.5592041015625,1.9148156642913818,0.8983050847457628
200,L,212,L,0,0.6831699999999999,A,A,21.64060268575438,0.9999962628735024,12.497189820855734,0.9999971922335609,2.1873421669006348,35.71018981933594,2.1873421669006348,0.9
244,I,255,V,0,0.681457,A,A,21.58681298971232,0.9999956822674684,12.3527758527409,0.9999967560144127,2.7036073207855225,33.07033920288086,2.7036073207855225,0.9016393442622951
191,V,244,I,0,0.6787489999999999,A,A,21.501779424690785,0.9999956933895432,12.355355093622013,0.999996764370616,2.3066768646240234,37.3177490234375,2.3066768646240234,0.9032258064516129
18,L,29,K,0,0.678059,A,A,21.4801128220819,0.9999954973464916,12.310839163761534,0.9999966170801506,2.837627410888672,31.48626136779785,2.837627410888672,0.9047619047619048
14,L,31,K,0,0.677868,A,A,21.47411525527277,0.999993743624526,11.98190328188934,0.9999952994791323,5.418636798858643,28.701589584350586,5.418636798858643,0.890625
46,S,144,D,0,0.676135,A,A,21.419697541763792,0.99999517342055,12.241367702948036,0.9999963737091039,4.363142967224121,17.488637924194336,4.363142967224121,0.8923076923076924
331,A,409,M,0,0.661617,A,A,20.963819662523512,0.9999939993627132,12.02363887926542,0.9999954916195641,2.377906084060669,27.010774612426758,2.377906084060669,0.8805970149253731
188,I,242,V,0,0.653881,A,A,20.72090250631723,0.9999929459300636,11.86189875767682,0.9999947001577709,2.7519519329071045,41.091976165771484,2.7519519329071045,0.8823529411764706
97,N,155,S,0,0.651197,A,A,20.636622562256004,0.9999919295774417,11.727296644983848,0.9999939365548305,3.253811836242676,28.722902297973633,3.253811836242676,0.8840579710144928
102,V,113,L,0,0.633601,A,A,20.084092794856087,0.9999884098048228,11.36533947033763,0.9999912920900421,2.425438404083252,19.977357864379883,2.425438404083252,0.8873239436619719
24,N,160,I,0,0.631626,A,A,20.02207606999732,0.9999866935241156,11.227246426069978,0.9999900026192754,2.401217460632324,35.79071044921875,2.401217460632324,0.8888888888888888
147,L,161,T,0,0.626063,A,A,19.84739301157236,0.999986406518164,11.205906563299958,0.9999897869868424,2.4208004474639893,26.726055145263672,2.4208004474639893,0.8904109589041096
23,E,162,K,0,0.62434,A,A,19.793289306796837,0.9999828821174156,10.975369757681827,0.9999871390448619,2.0480642318725586,36.02155685424805,2.0480642318725586,0.8918918918918919
135,P,270,Y,0,0.613647,A,A,19.45751976810581,0.999981977876982,10.92389247589676,0.9999864596737076,2.618879556655884,21.76654815673828,2.618879556655884,0.8933333333333333
165,M,171,L,0,0.608924,A,A,19.309213443291657,0.99998044026262,10.842017759900632,0.9999853044379925,2.281776189804077,33.15342330932617,2.281776189804077,0.8947368421052632
103,F,110,A,0,0.60595,A,A,19.21582724596003,0.999980616657416,10.851077106889113,0.9999854369663906,2.4725496768951416,28.34294319152832,2.4725496768951416,0.8961038961038961
432,T,442,F,0,0.605517,A,A,19.20223066780112,0.9999788878589552,10.76564116563354,0.9999841380908236,2.312525987625122,44.00962448120117,2.312525987625122,0.8974358974358975
295,S,412,A,0,0.604635,A,A,19.174535097509764,0.9999792615875812,10.783502166301185,0.9999844188794709,2.0781264305114746,34.214176177978516,2.0781264305114746,0.8987341772151899
81,D,114,T,0,0.604219,A,A,19.161472334197736,0.999978290159458,10.737723208941002,0.9999836890290672,3.8468658924102783,18.825502395629883,3.8468658924102783,0.9
174,A,246,V,0,0.6016020000000001,A,A,19.07929624865071,0.9999778390372696,10.717156091307643,0.9999833500933256,2.2098073959350586,29.853862762451172,2.2098073959350586,0.9012345679012346
287,I,401,F,0,0.597669,A,A,18.955796613780063,0.9999762893775344,10.64956369403266,0.9999821858077176,2.9545321464538574,24.25388526916504,2.9545321464538574,0.9024390243902439
183,A,242,V,0,0.596747,A,A,18.926845008554857,0.9999765062323984,10.658751886383133,0.9999823487344502,2.695863962173462,39.147987365722656,2.695863962173462,0.9036144578313253
206,S,246,V,0,0.5952109999999999,A,A,18.87861326709508,0.9999745848701328,10.58014048176476,0.9999809051824349,3.0310285091400146,26.74750328063965,3.0310285091400146,0.9047619047619048
29,K,43,L,0,0.585745,A,A,18.58137259999985,0.9999678090500888,10.34379301210457,0.9999758143940631,2.197535991668701,24.346263885498047,2.197535991668701,0.9058823529411765
27,L,43,L,0,0.5838939999999999,A,A,18.52324958343601,0.999966599474158,10.306905513247353,0.9999749056191779,2.2637858390808105,25.909452438354492,2.2637858390808105,0.9069767441860465
91,T,110,A,0,0.570637,A,A,18.106968205485305,0.9999587078153108,10.094796015569877,0.9999689764822125,2.3277416229248047,33.80585861206055,2.3277416229248047,0.9080459770114943
16,L,88,A,0,0.5696220000000001,A,A,18.075096319038902,0.999940991556406,9.737771002351298,0.9999556659568094,2.467487335205078,41.370025634765625,2.467487335205078,0.9090909090909091
99,N,114,T,0,0.5641729999999999,A,A,17.9039929601754,0.9999482313214428,9.868673482620752,0.9999611053149127,2.6034908294677734,18.23164939880371,2.6034908294677734,0.9111111111111111
179,I,237,L,0,0.562416,A,A,17.848821625706115,0.9999458096778364,9.822954031538677,0.999959285893052,2.337252616882324,33.88474655151367,2.337252616882324,0.9120879120879121
118,K,152,Q,0,0.5614180000000001,A,A,17.817483554106598,0.9999401147287243,9.723020084567064,0.9999550071813199,2.6012368202209473,14.167428016662598,2.6012368202209473,0.9130434782608695
164,I,176,I,0,0.560085,A,A,17.775626189936098,0.9999410731319662,9.739154479151924,0.9999557272459095,2.3984427452087402,30.934064865112305,2.3984427452087402,0.9148936170212766
29,K,41,Y,0,0.556581,A,A,17.665597529730977,0.9999431451199124,9.774951643485348,0.9999572839655501,2.5049383640289307,26.794525146484375,2.5049383640289307,0.9157894736842105
101,A,110,A,0,0.5559430000000001,A,A,17.645563772536097,0.9999419910922804,9.754855967247773,0.9999564169250426,3.2163217067718506,28.277326583862305,3.2163217067718506,0.9166666666666666
126,P,138,A,0,0.554087,A,A,17.58728375160553,0.99994072769369,9.73330909692773,0.9999554677122814,2.2579472064971924,11.441972732543945,2.2579472064971924,0.9175257731958762
295,S,408,S,0,0.551623,A,A,17.509911999680465,0.999932515083366,9.60353895513616,0.9999492974390352,1.7884376049041748,33.70390701293945,1.7884376049041748,0.9183673469387755
170,K,202,D,0,0.549029,A,A,17.428458134220396,0.9999249461082336,9.497229088872295,0.9999436107398105,2.4518628120422363,32.554256439208984,2.4518628120422363,0.9191919191919192
241,R,261,I,0,0.547263,A,A,17.373004191890992,0.999921374959206,9.450741695970926,0.9999409276750559,2.4780499935150146,33.57316589355469,2.4780499935150146,0.92
99,N,112,I,0,0.5465,A,A,17.349045325527833,0.9999269562785704,9.524379326018742,0.999945121014834,2.3557040691375732,24.079792022705078,2.3557040691375732,0.9207920792079208
154,T,234,S,0,0.5435909999999999,A,A,17.257700184963703,0.9999231420427884,9.4734746903135,0.9999422553148832,1.9210937023162842,29.17007064819336,1.9210937023162842,0.9215686274509803
431,L,442,F,0,0.540596,A,A,17.163654569291804,0.9999154131198934,9.377646794402022,0.9999364484441954,2.8008084297180176,38.909645080566406,2.8008084297180176,0.9134615384615384
34,L,40,F,0,0.5367109999999999,A,A,17.041662176341777,0.999899325617836,9.203518508731152,0.9999243616314004,2.217125177383423,19.65418243408203,2.217125177383423,0.9056603773584906
143,I,245,L,0,0.534547,A,A,16.97371068642058,0.9999099317214858,9.31485245277074,0.9999323301767247,2.4784021377563477,20.674959182739258,2.4784021377563477,0.9065420560747663
233,V,254,L,0,0.5238970000000001,A,A,16.639291385283443,0.9998865156793988,9.083732384308178,0.9999147373076706,2.3268964290618896,26.249170303344727,2.3268964290618896,0.9090909090909091
83,R,94,S,0,0.5169739999999999,A,A,16.421903139107627,0.999865295505084,8.912292391706877,0.9998987942312684,5.674045085906982,26.3541316986084,5.674045085906982,0.9009009009009009
20,K,92,I,0,0.501251,A,A,15.928187207485166,0.9997776729807204,8.411138848424637,0.9998329619445141,2.363420248031616,35.57459259033203,2.363420248031616,0.8938053097345132
194,R,215,D,0,0.501063,A,A,15.92228384329608,0.9998081228773223,8.558463481335977,0.9998558394676088,1.705869197845459,44.84663009643555,1.705869197845459,0.8947368421052632
21,L,96,L,0,0.495697,A,A,15.753786756920316,0.9997579248393704,8.326020194448217,0.9998181248314126,2.9440598487854004,28.914474487304688,2.9440598487854004,0.8956521739130435
139,F,233,V,0,0.4951,A,A,15.735040435532628,0.9997588016653496,8.329649770142323,0.999818783605623,2.250772714614868,18.543556213378906,2.250772714614868,0.896551724137931
177,M,245,L,0,0.494666,A,A,15.721412456500373,0.9997724093022696,8.387734111079276,0.9998290072537348,3.004162549972534,24.010177612304688,3.004162549972534,0.8974358974358975
404,L,427,V,0,0.493882,A,A,15.696794171796943,0.9997816125932396,8.429021565852965,0.9998359218421312,2.7593255043029785,35.234642028808594,2.7593255043029785,0.8983050847457628
242,V,255,V,0,0.49078,A,A,15.599388662677,0.9997504901731746,8.295762716515393,0.9998125390407672,1.7977566719055176,37.072174072265625,1.7977566719055176,0.8991596638655462
150,I,159,L,0,0.48815,A,A,15.516804365776467,0.999730287710094,8.217885011385132,0.9997973605880539,2.568763256072998,27.926513671875,2.568763256072998,0.9
39,V,105,N,0,0.4843,A,A,15.39591100339356,0.9996843731478297,8.060634213015915,0.9997628641996978,2.0637357234954834,29.853271484375,2.0637357234954834,0.9008264462809917
31,K,41,Y,0,0.481014,A,A,15.292727733577914,0.9997148687439282,8.162275764181091,0.9997857760575983,2.3810243606567383,25.300325393676758,2.3810243606567383,0.9016393442622951
125,E,138,A,0,0.4807,A,A,15.282867859347204,0.9996959095633524,8.097881275144749,0.9997715317040904,3.238159656524658,6.759396553039551,3.238159656524658,0.9024390243902439
85,V,91,T,0,0.478871,A,A,15.225435661996984,0.9996828525115896,8.055826431373573,0.9997617217199333,2.8102946281433105,31.4022274017334,2.8102946281433105,0.9032258064516129
79,Q,113,L,0,0.478037,A,A,15.199247333626245,0.9996692593779116,8.013845313516649,0.9997515089683529,7.449207782745361,14.14227294921875,7.449207782745361,0.896
184,K,439,S,0,0.4751689999999999,A,A,15.109189628869313,0.9996527558103344,7.965135004401475,0.9997391095584852,3.241914749145508,47.86705780029297,3.241914749145508,0.8968253968253969
137,V,152,Q,0,0.4731979999999999,A,A,15.047298507503932,0.9996601669364452,7.986716159653818,0.9997446776630662,6.864047527313232,17.695281982421875,6.864047527313232,0.889763779527559
294,S,385,I,0,0.470765,A,A,14.970900182652604,0.9996409204085616,7.931607346801625,0.9997302174206586,2.1855340003967285,21.507003784179688,2.1855340003967285,0.890625
140,V,146,N,0,0.4692939999999999,A,A,14.924709497960324,0.9995661464747588,7.742369632607039,0.9996740384976294,1.8033643960952759,14.473774909973145,1.8033643960952759,0.8914728682170543
154,T,238,F,0,0.4667239999999999,A,A,14.844009253460566,0.9996005308293888,7.824974416690754,0.9996998720456844,2.717153787612915,31.24346351623535,2.717153787612915,0.8923076923076924
20,K,157,P,0,0.466161,A,A,14.826330561766651,0.9994837943978327,7.56848907914944,0.9996121659873085,4.240245819091797,37.22454833984375,4.240245819091797,0.8931297709923665
125,E,136,K,0,0.4625859999999999,A,A,14.714072439553949,0.9995766509710288,7.766890152890513,0.999681930703608,1.9419571161270142,4.605458736419678,1.9419571161270142,0.8939393939393939
123,L,137,V,0,0.4580909999999999,A,A,14.572925513862732,0.9995365006746304,7.676242021698279,0.9996517651058354,5.147912502288818,5.747697830200195,5.147912502288818,0.8872180451127819
260,G,445,N,0,0.4564939999999999,A,A,14.522778319128836,0.999399785118302,7.417622435617462,0.9995490483926003,9.38878345489502,45.26408386230469,9.38878345489502,0.8805970149253731
198,I,209,L,0,0.456233,A,A,14.514582691185476,0.9995175958189164,7.63624572475895,0.9996375615675164,2.196729898452759,36.30155563354492,2.196729898452759,0.8814814814814815
40,F,104,I,0,0.4523149999999999,A,A,14.391554069415024,0.9994503105370732,7.505607211454317,0.9995870089955513,2.572413921356201,23.06393051147461,2.572413921356201,0.8823529411764706
11,H,31,K,0,0.451085,A,A,14.352930995199186,0.997885477097833,6.156809308439929,0.998411323126614,3.3972177505493164,31.812528610229492,3.3972177505493164,0.8832116788321168
187,V,242,V,0,0.450169,A,A,14.324167795214056,0.999397567961288,7.413933084206279,0.9995473826049801,2.683936834335327,41.87657165527344,2.683936834335327,0.8840579710144928
233,V,252,V,0,0.4499899999999999,A,A,14.318547038885084,0.9994368575691752,7.481414675286123,0.9995769015528955,2.490574836730957,21.254676818847656,2.490574836730957,0.8848920863309353
173,P,247,D,0,0.449946,A,A,14.317165400457853,0.9993271494699316,7.303314270985451,0.9994944759996358,1.9853874444961548,26.3454532623291,1.9853874444961548,0.8857142857142857
328,I,410,F,0,0.4495659999999999,A,A,14.305233068586292,0.9994204385038324,7.452659051950349,0.9995645656309881,3.2237296104431152,33.55885696411133,3.2237296104431152,0.8865248226950354
28,V,46,S,0,0.448428,A,A,14.269498874718304,0.9994204547476282,7.452687096331056,0.9995645778352269,2.3537683486938477,21.12871551513672,2.3537683486938477,0.8873239436619719
48,M,148,A,0,0.447945,A,A,14.254332252892086,0.9993769661926968,7.380286547341196,0.9995319041472732,2.9382424354553223,17.970577239990234,2.9382424354553223,0.8881118881118881
339,E,406,F,0,0.4445409999999999,A,A,14.147443680021585,0.99932872328568,7.305657612941966,0.9994956584340657,2.9209768772125244,22.92741584777832,2.9209768772125244,0.8827586206896552
47,E,148,A,0,0.43964,A,A,13.99354799975181,0.9992594373101188,7.207359431944306,0.9994436027070215,2.0941853523254395,15.394828796386719,2.0941853523254395,0.8843537414965986
14,L,43,L,0,0.438841,A,A,13.968458701948189,0.9989080945179044,6.818738458217711,0.9991796329159873,2.8779637813568115,32.799434661865234,2.8779637813568115,0.8851351351351351
47,E,147,L,0,0.435828,A,A,13.873847870556055,0.9992134474927632,7.147064215060453,0.9994090497782405,4.061304569244385,19.503110885620117,4.061304569244385,0.8859060402684564
182,K,468,E,0,0.426928,A,A,13.594380097774785,0.9982361102652374,6.338468384769238,0.9986747597645081,13.601573944091797,37.27878952026367,13.601573944091797,0.88
327,P,378,L,0,0.424156,A,A,13.507336876859092,0.9987677593784784,6.69768812281036,0.9990741967486603,3.813699245452881,21.036439895629883,3.813699245452881,0.8807947019867549
23,E,160,I,0,0.420164,A,A,13.381984590461022,0.9987556111796572,6.68786561324017,0.999065069601113,2.2118098735809326,37.573944091796875,2.2118098735809326,0.881578947368421
243,A,254,L,0,0.419936,A,A,13.374825191338084,0.9989512407708242,6.859098190491915,0.9992120494266417,2.2084438800811768,30.892152786254883,2.2084438800811768,0.8823529411764706
139,F,150,I,0,0.4194029999999999,A,A,13.358088525844554,0.9988141153088144,6.7360796196943085,0.9991090247443248,2.160759687423706,17.864646911621094,2.160759687423706,0.8774193548387097
286,S,391,T,0,0.4181829999999999,A,A,13.319779460362176,0.9988844877889522,6.797325462590248,0.9991618967806614,2.1282520294189453,23.099306106567383,2.1282520294189453,0.8782051282051282
25,D,163,K,0,0.417714,A,A,13.305052450762808,0.9987539872400972,6.686559828297614,0.9990638495078142,1.8512870073318481,28.677207946777344,1.8512870073318481,0.8789808917197452
298,I,331,A,0,0.417647,A,A,13.30294859224861,0.9988941675412302,6.8060504269474205,0.999169169342509,2.781619071960449,24.410634994506836,2.781619071960449,0.879746835443038
269,Y,455,D,0,0.413605,A,A,13.176026262183228,0.9984649714028832,6.477670060112434,0.9988467070138012,6.178537845611572,28.255212783813477,6.178537845611572,0.86875
54,V,100,C,0,0.41131,A,A,13.103961257853676,0.9986177696793253,6.582673723533222,0.998961506947076,2.5175905227661133,17.46524429321289,2.5175905227661133,0.8695652173913043
13,N,103,F,0,0.4111329999999999,A,A,13.098403303271397,0.9972552519716948,5.895317479444964,0.9979378243142356,2.513728618621826,35.504520416259766,2.513728618621826,0.8703703703703703
243,A,252,V,0,0.409093,A,A,13.034345521645127,0.998652509415444,6.608162843281708,0.9989876074992634,2.427119731903076,27.592058181762695,2.427119731903076,0.8711656441717791
292,F,408,S,0,0.406783,A,A,12.96180950421538,0.9985938272714172,6.565476479767279,0.9989435186104647,2.9371471405029297,30.693811416625977,2.9371471405029297,0.8719512195121951
299,T,420,I,0,0.40617,A,A,12.942560768854154,0.998108938109894,6.268723908865322,0.9985792131700847,2.1750683784484863,36.68790054321289,2.1750683784484863,0.8727272727272727
147,L,177,M,0,0.405354,A,A,12.916937656203649,0.9984894504226152,6.49377004423156,0.9988650985159654,2.777336597442627,24.782541275024414,2.777336597442627,0.8734939759036144
176,I,191,V,0,0.404626,A,A,12.894077820407608,0.9985482551431788,6.533536296803273,0.9989092794985925,2.3061861991882324,38.24785232543945,2.3061861991882324,0.874251497005988
232,K,266,P,0,0.403848,A,A,12.869647940944256,0.9984853609064788,6.491062303179477,0.9988620259932215,2.090550661087036,20.537500381469727,2.090550661087036,0.875
337,T,363,V,0,0.403393,A,A,12.855360543571727,0.9982753981737632,6.361032989849029,0.9987042774356646,7.016353607177734,8.112059593200684,7.016353607177734,0.8698224852071006
10,I,41,Y,0,0.400445,A,A,12.7627907689471,0.9908051598430556,4.679875431143672,0.9930917608426707,2.5024771690368652,31.558259963989258,2.5024771690368652,0.8713450292397661
176,I,242,V,0,0.399209,A,A,12.723979289491188,0.9983447408950225,6.402141092948288,0.998756375796713,2.525174856185913,35.11322021484375,2.525174856185913,0.872093023255814
53,K,115,T,0,0.39831,A,A,12.695749904352942,0.9980943837666284,6.261042406397813,0.9985682782454595,2.1464269161224365,10.859213829040527,2.1464269161224365,0.8728323699421965
17,V,43,L,0,0.395751,A,A,12.615395069459993,0.99777397869141,6.105310951005624,0.9983275524852451,3.0418591499328613,31.764184951782227,3.0418591499328613,0.8735632183908046
338,I,386,A,0,0.392902,A,A,12.525933981296635,0.998044147191771,6.234971193631743,0.9985305346558335,2.567692518234253,12.280574798583984,2.567692518234253,0.8693181818181818
335,E,406,F,0,0.391492,A,A,12.481658749878482,0.998033353285076,6.229456778640151,0.9985224250109003,2.468114137649536,23.786026000976562,2.468114137649536,0.8700564971751412
220,P,430,H,0,0.389545,A,A,12.42052124947341,0.9979544344388568,6.190033309118412,0.9984631319449636,2.753281831741333,40.04254150390625,2.753281831741333,0.8707865168539326
137,V,149,L,0,0.388856,A,A,12.39888604773787,0.9977248474143016,6.083430413513911,0.99829063932454,2.293703079223633,11.681783676147461,2.293703079223633,0.8715083798882681
26,D,151,R,0,0.3886449999999999,A,A,12.39226046346182,0.997663288774155,6.056671351641064,0.9982443892754828,1.7606054544448853,21.8552188873291,1.7606054544448853,0.8722222222222222
302,S,327,P,0,0.388585,A,A,12.390376411061048,0.9980315201180012,6.228523247712831,0.9985210477214258,2.496856689453125,27.940141677856445,2.496856689453125,0.8729281767955801
454,D,460,L,0,0.384194,A,A,12.252495176197838,0.9978265425911051,6.129260280563626,0.9983670446334432,8.867461204528809,33.01274108886719,8.867461204528809,0.8681318681318682
10,I,105,N,0,0.3829369999999999,A,A,12.213024278401653,0.9872867417432188,4.352315109577631,0.9904483137273022,1.955682396888733,34.3377571105957,1.955682396888733,0.8688524590163934
262,L,397,M,0,0.382926,A,A,12.212678868794846,0.9970272256144878,5.815282423809402,0.9977665042496263,2.1544013023376465,26.129995346069336,2.1544013023376465,0.8695652173913043
10,I,103,F,0,0.382311,A,A,12.193367331686924,0.9868365959154792,4.317063907926258,0.990110111542096,2.3837075233459473,32.0805549621582,2.3837075233459473,0.8702702702702703
296,I,420,I,0,0.382133,A,A,12.1877779762313,0.997609837132566,6.034000746124182,0.9982042301517627,2.585782527923584,33.320743560791016,2.585782527923584,0.8709677419354839
131,V,265,S,0,0.380659,A,A,12.141493088918986,0.9975256655775084,5.999306438685574,0.9981409906367024,3.365128755569458,17.848291397094727,3.365128755569458,0.8716577540106952
219,S,430,H,0,0.379915,A,A,12.118130839149408,0.997496286994992,5.987473594390592,0.9981189180100267,1.8771735429763794,41.672813415527344,1.8771735429763794,0.8723404255319149
451,K,467,K,0,0.377981,A,A,12.057401550097836,0.9970456134630142,5.821505492021474,0.9977803193516881,17.95012664794922,44.34539794921875,17.95012664794922,0.8631578947368421
150,I,233,V,0,0.377077,A,A,12.02901516059286,0.997330796364433,5.923302342580749,0.9979945820961136,2.424781560897827,25.46405792236328,2.424781560897827,0.8638743455497382
28,V,44,Y,0,0.375869,A,A,11.99108290559064,0.996839706171316,5.753924973841931,0.9976256177156606,1.923962950706482,20.062480926513672,1.923962950706482,0.8601036269430051
335,E,382,V,0,0.375694,A,A,11.985587752755054,0.997244796907898,5.891505115802568,0.9979299692477113,2.957878351211548,16.998647689819336,2.957878351211548,0.8608247422680413
153,R,234,S,0,0.373523,A,A,11.91741645672043,0.997139130811566,5.853764818985953,0.9978505805197048,2.8234198093414307,21.661434173583984,2.8234198093414307,0.8615384615384616
221,F,431,L,0,0.373234,A,A,11.908341604323375,0.9969131626938332,5.777516626329284,0.997680806845276,2.9150779247283936,37.18587875366211,2.9150779247283936,0.8622448979591837
177,M,243,A,0,0.372596,A,A,11.888307847128493,0.996874443421732,5.765012455274681,0.9976517164002974,1.8446112871170044,30.55521011352539,1.8446112871170044,0.8629441624365483
83,R,90,K,0,0.3715469999999999,A,A,11.855368330988318,0.9968683565409964,5.763060788139029,0.9976471432236977,4.2639312744140625,30.329191207885742,4.2639312744140625,0.8636363636363636
119,K,148,A,0,0.370879,A,A,11.834392547593051,0.9968144972618443,5.7459545695869,0.9976066778349718,2.4140052795410156,13.647540092468262,2.4140052795410156,0.864321608040201
203,I,209,L,0,0.370641,A,A,11.826919139736653,0.996903992882181,5.77454121455729,0.9976739174104583,2.5821712017059326,28.707794189453125,2.5821712017059326,0.865
445,N,456,S,0,0.369563,A,A,11.79306899826944,0.9970213656257934,5.8133072678543485,0.9977621015408603,7.662325382232666,42.44529342651367,7.662325382232666,0.8606965174129353
119,K,145,T,0,0.36883,A,A,11.770052158106663,0.9967666653660466,5.73100270673201,0.9975707409214551,2.762775182723999,8.101032257080078,2.762775182723999,0.8613861386138614
290,T,392,V,0,0.367454,A,A,11.72684455638228,0.9963942703402552,5.621618880605727,0.99729095423074,4.795005798339844,23.933197021484375,4.795005798339844,0.8620689655172413
214,E,223,Q,0,0.36625,A,A,11.689037904873445,0.9964882508177668,5.648123093271559,0.9973615633553891,1.9752191305160522,36.8794059753418,1.9752191305160522,0.8592233009708737
332,L,409,M,0,0.365365,A,A,11.661248131962047,0.9964932342862396,5.649548186541422,0.9973653075196655,2.6165435314178467,24.801288604736328,2.6165435314178467,0.8599033816425121
260,G,284,F,0,0.364642,A,A,11.638545300532735,0.9963514783456632,5.609778025898812,0.9972588038803679,3.3909735679626465,34.22870635986328,3.3909735679626465,0.8605769230769231
328,I,409,M,0,0.364402,A,A,11.631009090929648,0.9962824526536256,5.590966669032742,0.9972069437087437,2.697844982147217,28.82406997680664,2.697844982147217,0.861244019138756
21,L,92,I,0,0.364177,A,A,11.623943894426748,0.9957528393623964,5.457248399140752,0.996809036272153,2.3424901962280273,31.031234741210938,2.3424901962280273,0.861904761904762
191,V,437,F,0,0.363696,A,A,11.608840074347222,0.9963603386540958,5.612218337472202,0.9972654607801742,2.2189695835113525,41.8631591796875,2.2189695835113525,0.8625592417061612
224,I,253,L,0,0.363234,A,A,11.594332870861273,0.9960092400398894,5.519774855731564,0.9970016744442135,2.1857147216796875,31.640783309936523,2.1857147216796875,0.8632075471698113
54,V,115,T,0,0.362782,A,A,11.580139676108786,0.9960513557727884,5.530426531898591,0.9970333167077207,2.4513044357299805,12.723971366882324,2.4513044357299805,0.863849765258216
132,V,267,D,0,0.361541,A,A,11.54117119228614,0.9961098523608952,5.5454104346302096,0.9970772661852138,2.0268654823303223,15.734625816345215,2.0268654823303223,0.8644859813084113
92,I,157,P,0,0.360701,A,A,11.514794458675324,0.9960038917937154,5.518430225930885,0.9969976562162713,3.5860650539398193,37.18244934082031,3.5860650539398193,0.8651162790697674
144,D,173,P,0,0.359956,A,A,11.491400808032395,0.9959996320230328,5.51736053699925,0.9969944557784031,5.870506286621094,19.431142807006836,5.870506286621094,0.8611111111111112
291,L,404,L,0,0.359691,A,A,11.48307957659565,0.9961453346982652,5.554608983923886,0.9971039246662997,2.9083898067474365,28.839622497558594,2.9083898067474365,0.8617511520737328
221,F,441,Y,0,0.358336,A,A,11.440531393211534,0.9959103791206896,5.495205001520356,0.9969273985610564,2.7708311080932617,36.449073791503906,2.7708311080932617,0.8623853211009175
147,L,175,A,0,0.35825,A,A,11.437830918103762,0.9958255362399864,5.47458616848553,0.9968636546676672,2.496499538421631,23.819183349609375,2.496499538421631,0.863013698630137
43,L,103,F,0,0.357752,A,A,11.42219328317735,0.9958997874343996,5.492607819862107,0.9969194408477388,2.1543405055999756,29.350412368774414,2.1543405055999756,0.8636363636363636
254,L,261,I,0,0.3569179999999999,A,A,11.396004954806608,0.9953761235507392,5.371887267785652,0.9965260033018289,5.373437881469727,30.187776565551758,5.373437881469727,0.8597285067873304
169,N,201,E,0,0.35691,A,A,11.39575374781984,0.9950845264563168,5.310439589175392,0.9963069214655523,3.105393409729004,42.88948059082031,3.105393409729004,0.8603603603603603
83,R,99,N,0,0.3533989999999999,A,A,11.285505281501294,0.9954855364667168,5.395944233439261,0.9966082070789009,6.716848373413086,22.833057403564453,6.716848373413086,0.8565022421524664
70,L,111,Y,0,0.3513949999999999,A,A,11.22257793131549,0.991733230320969,4.787210324473426,0.9937890359129111,5.954782009124756,27.799171447753906,5.954782009124756,0.8533333333333334
177,M,252,V,0,0.350665,A,A,11.199655293772755,0.9948628325234298,5.266103017922664,0.9961403590585968,5.63624906539917,26.010900497436523,5.63624906539917,0.8495575221238938
224,I,437,F,0,0.347917,A,A,11.113365693817371,0.994421169991418,5.183181750654073,0.9958085305171659,2.292607307434082,38.70719528198242,2.292607307434082,0.8502202643171806
156,H,179,I,0,0.347887,A,A,11.112423667616984,0.9948416721236883,5.261971129005426,0.9961244608918443,2.499258279800415,34.8844108581543,2.499258279800415,0.8508771929824561
225,Q,254,L,0,0.344213,A,A,10.997056858943008,0.993902993073594,5.09384162645272,0.9954192154216303,1.7846115827560425,28.984479904174805,1.7846115827560425,0.851528384279476
290,T,401,F,0,0.343157,A,A,10.96389753668941,0.9938968819678464,5.092833667402919,0.9954146240443686,2.3794853687286377,25.52051544189453,2.3794853687286377,0.8521739130434782
335,E,342,R,0,0.342183,A,A,10.933313086050202,0.9940677888499492,5.121408383641095,0.9955430292798102,4.989771842956543,18.72002410888672,4.989771842956543,0.853448275862069
41,Y,103,F,0,0.338518,A,A,10.81822888523634,0.9933326978631812,5.003850350230117,0.9949907429700634,1.7830612659454346,28.22301483154297,1.7830612659454346,0.851063829787234
154,T,179,I,0,0.337812,A,A,10.796059868653916,0.993996306942038,5.109358701759556,0.9954893237115954,2.9016082286834717,32.16712188720703,2.9016082286834717,0.8516949152542372
263,M,284,F,0,0.333999,A,A,10.676328338584815,0.993231097137624,4.988624348131779,0.9949144086239815,2.6331965923309326,29.865617752075195,2.6331965923309326,0.8523206751054853
258,S,439,S,0,0.333354,A,A,10.656074775276512,0.9927983511130418,4.926217561163698,0.9945892792056155,5.446168899536133,42.731658935546875,5.446168899536133,0.8487394957983193
292,F,420,I,0,0.331079,A,A,10.584637788413884,0.9926433832897964,4.904771327978651,0.9944728492550782,2.3213186264038086,35.37493133544922,2.3213186264038086,0.8493723849372385
223,Q,434,Q,0,0.329736,A,A,10.542466415509924,0.9922217573216892,4.848616192136962,0.9941560745234995,2.0074565410614014,42.35874938964844,2.0074565410614014,0.85
443,S,452,N,0,0.3282719999999999,A,A,10.49649553693107,0.9912846613408068,4.73391720208028,0.9934520184399995,6.411807537078857,40.83145523071289,6.411807537078857,0.8464730290456431
187,V,439,S,0,0.3275949999999999,A,A,10.475237145675688,0.992124459862344,4.8360867917176265,0.9940829732942139,4.0116047859191895,47.107906341552734,4.0116047859191895,0.8471074380165289
225,Q,232,K,0,0.327331,A,A,10.466947315112288,0.9921391147248968,4.837964103551421,0.9940939837406823,3.0773637294769287,23.034866333007812,3.0773637294769287,0.8442622950819673
304,H,416,G,0,0.32488,A,A,10.389983774540728,0.9916481289253084,4.776882741054386,0.9937250977928554,2.4493868350982666,36.01619338989258,2.4493868350982666,0.8455284552845529
168,E,201,E,0,0.324646,A,A,10.382635970177711,0.990204059943592,4.615943023163244,0.9926401443064327,3.177670478820801,40.41608810424805,3.177670478820801,0.8461538461538461
225,Q,257,V,0,0.321499,A,A,10.28381742175719,0.991006217672808,4.702187322396951,0.9932428189957951,2.2051000595092773,32.31962585449219,2.2051000595092773,0.8467741935483871
122,S,140,V,0,0.320158,A,A,10.241708850599922,0.990491792208094,4.646046175902859,0.9928563224305252,4.098047733306885,6.95776891708374,4.098047733306885,0.8473895582329317
335,E,409,M,0,0.319353,A,A,10.216431147556223,0.9906353812607596,4.661407912689231,0.9929642033179857,2.821046829223633,25.26009750366211,2.821046829223633,0.848605577689243
259,L,397,M,0,0.318348,A,A,10.184873269843282,0.9875132330327078,4.370520456291193,0.990618480469533,2.0819172859191895,29.260793685913086,2.0819172859191895,0.8492063492063492
236,A,261,I,0,0.317971,A,A,10.17303514059176,0.990674722465128,4.665657521291022,0.9929937610312114,5.5061540603637695,33.840999603271484,5.5061540603637695,0.8464566929133859
432,T,446,G,0,0.317126,A,A,10.146501402614213,0.9888837416720592,4.488168022420115,0.9916481668247304,8.620878219604492,40.60873794555664,8.620878219604492,0.8431372549019608
174,A,209,L,0,0.315243,A,A,10.087373558103298,0.9902041582190204,4.615953154722282,0.9926402181424268,4.483909606933594,33.05221176147461,4.483909606933594,0.8443579766536965
407,I,426,V,0,0.314927,A,A,10.077450882125897,0.9900828412549209,4.603522154218136,0.9925490706523632,6.230388641357422,39.64773941040039,6.230388641357422,0.8410852713178295
42,Y,102,V,0,0.31315,A,A,10.02165153018968,0.9892386006957654,4.520969963880522,0.9919147784200443,2.3156051635742188,17.877710342407227,2.3156051635742188,0.842911877394636
221,F,404,L,0,0.3120469999999999,A,A,9.98701636688881,0.987784624695341,4.392769253647131,0.9908223816226553,2.431149482727051,33.88524627685547,2.431149482727051,0.8435114503816794
319,N,376,S,0,0.311392,A,A,9.966448794847045,0.9893280816919774,4.529410172993764,0.9919820070081782,3.162553548812866,11.968222618103027,3.162553548812866,0.844106463878327
194,R,213,I,0,0.310693,A,A,9.944499584378043,0.9892189646002204,4.519127098032024,0.9919000254888539,1.7402387857437134,41.89495086669922,1.7402387857437134,0.8446969696969697
47,E,144,D,0,0.310673,A,A,9.943871566911117,0.9869650244327036,4.326998429575794,0.9902066020624818,2.0629947185516357,14.455500602722168,2.0629947185516357,0.8452830188679246
32,K,42,Y,0,0.3094739999999999,A,A,9.906221919769012,0.9883066874315822,4.436975958916726,0.9912146161993881,2.531825065612793,17.860580444335938,2.531825065612793,0.8458646616541353
164,I,195,L,0,0.308073,A,A,9.862229296210971,0.9863299214389576,4.278781506869817,0.9897294384255458,2.1215620040893555,37.294307708740234,2.1215620040893555,0.846441947565543
128,T,251,F,0,0.307322,A,A,9.838647240327967,0.9882453342645676,4.431680735316184,0.9911685205257753,2.8339171409606934,14.900320053100586,2.8339171409606934,0.8470149253731343
25,D,162,K,0,0.306958,A,A,9.827217322429949,0.9856150804677096,4.227085490335875,0.9891923662954655,2.358346939086914,35.44377517700195,2.358346939086914,0.8475836431226765
58,I,113,L,0,0.30669,A,A,9.818801888373164,0.9865587814684468,4.295896914029985,0.989901384842262,3.8227734565734863,13.226911544799805,3.8227734565734863,0.8481481481481481
17,V,103,F,0,0.304202,A,A,9.740676515487792,0.983863762056231,4.1104198875853095,0.9878765711080971,2.1404080390930176,35.888240814208984,2.1404080390930176,0.8487084870848709
195,L,244,I,0,0.304005,A,A,9.73449054343859,0.9876201456927216,4.379227657105905,0.9906988057619488,2.46943736076355,32.48760986328125,2.46943736076355,0.8492647058823529
42,Y,100,C,0,0.300335,A,A,9.619249338257998,0.9857189635502188,4.234438752354949,0.9892704154149852,2.8106307983398438,17.34354019165039,2.8106307983398438,0.8498168498168498
159,L,237,L,0,0.299699,A,A,9.599278382809809,0.986102642227396,4.262061715041045,0.9895586797041154,2.2914483547210693,32.514869689941406,2.2914483547210693,0.8472727272727273
22,K,180,E,0,0.298705,A,A,9.568065914703675,0.983695182306072,4.099855446796214,0.9877499142863033,8.78792667388916,40.175018310546875,8.78792667388916,0.8447653429602888
290,T,389,S,0,0.298692,A,A,9.567657703350177,0.9860605229944588,4.258992847974066,0.9895270348109702,2.136770725250244,23.609010696411133,2.136770725250244,0.8453237410071942
74,K,111,Y,0,0.298363,A,A,9.55732681601927,0.9837478979187834,4.103147403671326,0.9877895204190602,3.119394302368164,25.95870590209961,3.119394302368164,0.8458781362007168
334,M,374,V,0,0.298274,A,A,9.554532138291458,0.9853243288715064,4.206779757420323,0.9889739196963225,2.2632663249969482,16.091711044311523,2.2632663249969482,0.8469750889679716
291,L,401,F,0,0.297178,A,A,9.520116781104011,0.984478935939119,4.14991442912747,0.9883387616664749,2.2981860637664795,28.963088989257812,2.2981860637664795,0.8475177304964538
172,K,246,V,0,0.295453,A,A,9.4659502745818,0.9841779892415108,4.130404707501132,0.9881126553149561,3.1272661685943604,22.051883697509766,3.1272661685943604,0.8450704225352113
301,V,327,P,0,0.293934,A,A,9.418252347968906,0.9827989469341304,4.045433962445757,0.9870765574704206,2.7161056995391846,23.235424041748047,2.7161056995391846,0.8456140350877193
289,I,388,A,0,0.293788,A,A,9.41366782046036,0.9835814060122668,4.092785933822663,0.98766443222956,2.4012973308563232,23.421886444091797,2.4012973308563232,0.8461538461538461
259,L,442,F,0,0.29245,A,A,9.371653451923128,0.9829125753227292,4.052177385612491,0.9871619284034769,2.2141900062561035,40.23264694213867,2.2141900062561035,0.8466898954703833
319,N,377,I,0,0.29175,A,A,9.349672840580784,0.9834208311429125,4.082890118326681,0.987543789610306,3.004371404647827,13.800933837890625,3.004371404647827,0.8477508650519031
260,G,456,S,0,0.291636,A,A,9.346093141019317,0.979869565268164,3.8851866305064338,0.9848756634052521,5.970126152038574,34.82509231567383,5.970126152038574,0.8448275862068966
85,V,94,S,0,0.2882969999999999,A,A,9.241245624916315,0.9822151239981874,4.011461918260201,0.9866379214095227,3.7259557247161865,31.467967987060547,3.7259557247161865,0.845360824742268
286,S,388,A,0,0.286722,A,A,9.191789249396036,0.9810315382196582,3.9458269144024536,0.9857486733658664,2.305485725402832,22.623584747314453,2.305485725402832,0.8458904109589042
221,F,427,V,0,0.286596,A,A,9.187832739354416,0.9783224202166716,3.809560751998157,0.9837132671216455,2.3032748699188232,39.393798828125,2.3032748699188232,0.8464163822525598
131,V,266,P,0,0.286306,A,A,9.178726486084017,0.9816599238436352,3.980156319350619,0.9862207901291125,2.2024102210998535,17.348997116088867,2.2024102210998535,0.8469387755102041
225,Q,236,A,0,0.28401,A,A,9.106630080881114,0.9807748288017746,3.932122480575357,0.9855558032319208,4.6325531005859375,27.136341094970703,4.6325531005859375,0.847457627118644
255,V,437,F,0,0.283358,A,A,9.086156711459386,0.9787530821998393,3.830067556266552,0.9840368307643963,2.649890661239624,37.1062126159668,2.649890661239624,0.847972972972973
316,I,377,I,0,0.282306,A,A,9.053122992699173,0.9782349800184292,3.805445813979517,0.9836475718195944,2.1267964839935303,18.402851104736328,2.1267964839935303,0.8489932885906041
91,T,103,F,0,0.282028,A,A,9.044393549908929,0.980638640839724,3.924924749799432,0.9854534829092033,2.1399099826812744,30.966495513916016,2.1399099826812744,0.8494983277591973
82,A,113,L,0,0.281967,A,A,9.04247809663481,0.9794654457462756,3.8648979188087376,0.9845720415632516,2.4103457927703857,18.74197769165039,2.4103457927703857,0.85
369,V,376,S,0,0.278646,A,A,8.938195796252044,0.9756418024472971,3.6902270653460025,0.9816992735856906,1.9332648515701294,5.914454460144043,1.9332648515701294,0.8504983388704319
210,E,226,N,0,0.278627,A,A,8.937599179658466,0.9763201426171498,3.719165760290557,0.9822089220454113,2.040138006210327,25.597248077392578,2.040138006210327,0.8509933774834437
293,L,381,V,0,0.278527,A,A,8.934459092323845,0.9780523558568056,3.7969033967650505,0.983510363193575,2.1883058547973633,21.70386505126953,2.1883058547973633,0.8514851485148515
131,V,267,D,0,0.277494,A,A,8.90202199015721,0.9753385020216792,3.6775413511452033,0.9814713988384491,2.506639242172241,18.743560791015625,2.506639242172241,0.8491803278688524
18,L,43,L,0,0.277126,A,A,8.890466468765807,0.9739764277680972,3.6223843502896855,0.9804480493801468,2.431668758392334,31.65833282470703,2.431668758392334,0.8496732026143791
221,F,259,L,0,0.27708,A,A,8.889022028591878,0.9760171902751164,3.706142886997821,0.9819813088192629,4.797029495239258,30.890127182006836,4.797029495239258,0.8501628664495114
49,T,100,C,0,0.276879,A,A,8.88271045304929,0.9776660567666154,3.779060517169344,0.983220130143762,2.83695125579834,18.451778411865234,2.83695125579834,0.8511326860841424
85,V,110,A,0,0.276779,A,A,8.87957036571467,0.9762945517144695,3.7180594284847386,0.9821896951667545,1.8345568180084229,31.857624053955078,1.8345568180084229,0.8516129032258064
226,N,251,F,0,0.276377,A,A,8.866947214629493,0.9775321123430976,3.772944068301995,0.9831194954295465,2.719754934310913,19.40265464782715,2.719754934310913,0.8493589743589743
162,K,180,E,0,0.276282,A,A,8.863964131661604,0.9765940104727832,3.731079066256029,0.9824146836042776,7.534575462341309,33.2030029296875,7.534575462341309,0.8466453674121406
239,N,269,Y,0,0.27495,A,A,8.822138168364452,0.9763875585959196,3.722085845058573,0.9822595728121912,6.40871000289917,27.942052841186523,6.40871000289917,0.8439490445859873
126,P,228,E,0,0.274543,A,A,8.809358012912544,0.975633427160346,3.689874701486372,0.9816929810907388,2.2506730556488037,9.455795288085938,2.2506730556488037,0.8444444444444444
38,L,107,L,0,0.273956,A,A,8.790925700258317,0.9762560287729544,3.7163962213891946,0.9821607522282706,5.134300708770752,23.237791061401367,5.134300708770752,0.8417721518987342
454,D,465,K,0,0.273648,A,A,8.781254231267685,0.9749170753892924,3.660165096259649,0.9811547738711737,11.895527839660645,36.01757049560547,11.895527839660645,0.8364779874213837
281,S,458,I,0,0.273608,A,A,8.779998196333837,0.9699452458890124,3.47421876721081,0.9774193541519457,3.2910683155059814,35.72728729248047,3.2910683155059814,0.8369905956112853
259,L,431,L,0,0.273121,A,A,8.764705971014232,0.9749458125476664,3.66134091525283,0.9811763645850264,2.6046013832092285,36.27527618408203,2.6046013832092285,0.8375
187,V,437,F,0,0.273104,A,A,8.764172156167348,0.973370633820431,3.5987503297281203,0.9799929061259838,2.4641149044036865,40.21938705444336,2.4641149044036865,0.838006230529595
88,A,103,F,0,0.272675,A,A,8.750701181501823,0.9747255317362924,3.6523611988042175,0.9810108638801998,4.896901607513428,35.46440505981445,4.896901607513428,0.8385093167701864
281,S,457,I,0,0.272461,A,A,8.743981394605735,0.9698122844284094,3.469667459086776,0.977319457954418,2.389557123184204,34.83321762084961,2.389557123184204,0.8390092879256966
407,I,423,F,0,0.2719,A,A,8.72636550465851,0.9744492289601568,3.641204924132233,0.980803272924316,2.5774307250976562,35.083518981933594,2.5774307250976562,0.8395061728395061
226,N,253,L,0,0.271701,A,A,8.720116730862616,0.9718065188588618,3.540065943961067,0.9788177600614907,2.3187201023101807,26.479103088378906,2.3187201023101807,0.84
82,A,111,Y,0,0.2711659999999999,A,A,8.70331726362239,0.9741249390472042,3.628259962345518,0.9805596284197082,2.242385149002075,23.12141990661621,2.242385149002075,0.8404907975460123
350,N,356,I,0,0.270791,A,A,8.691541936117563,0.9728607608414314,3.579260348945188,0.9796098299203437,6.481883525848389,11.013311386108398,6.481883525848389,0.8379204892966361
177,M,237,L,0,0.270226,A,A,8.673800442676955,0.9697272190670048,3.466765824749782,0.9772555469075094,2.8878633975982666,29.4419002532959,2.8878633975982666,0.8384146341463414
18,L,31,K,0,0.267874,A,A,8.599945588566667,0.9709712687750268,3.5100108071072773,0.9781902225255658,7.321352005004883,31.058752059936523,7.321352005004883,0.8368580060422961
287,I,392,V,0,0.267382,A,A,8.584496358880333,0.9724383195272224,3.5633802294794457,0.979292442605428,2.820063591003418,27.938045501708984,2.820063591003418,0.8373493975903614
32,K,59,K,0,0.267023,A,A,8.573223445349043,0.9724102687299988,3.5623341545189167,0.9792713675663336,5.019448280334473,13.215991973876953,5.019448280334473,0.8348348348348348
293,L,384,V,0,0.266937,A,A,8.570522970241267,0.9725183952216676,3.5663721270126603,0.9793526048310321,2.6402556896209717,20.315919876098633,2.6402556896209717,0.8353293413173652
49,T,115,T,0,0.265472,A,A,8.52452069078907,0.9712903443191336,3.521391938314228,0.9784299493865357,2.1358373165130615,13.32376766204834,2.1358373165130615,0.8338278931750742
14,L,29,K,0,0.264728,A,A,8.501158441019491,0.9585093147168392,3.139910329417331,0.9688273453540045,5.625052452087402,29.83336639404297,5.625052452087402,0.8313609467455622
304,H,417,L,0,0.264545,A,A,8.495412081197133,0.9684745940054084,3.4249284899263284,0.9763144284810583,2.2429239749908447,38.853302001953125,2.2429239749908447,0.831858407079646
182,K,469,V,0,0.262838,A,A,8.441810790395154,0.9427069408975648,2.8005759773693573,0.9569547542340141,19.61833953857422,38.643157958984375,19.61833953857422,0.8299120234604106
225,Q,261,I,0,0.262788,A,A,8.440240746727843,0.9704608787624236,3.492055562961787,0.9778067578638215,2.274629592895508,28.710445404052734,2.274629592895508,0.8304093567251462
345,G,353,G,0,0.262157,A,A,8.420426795646385,0.9692266285502634,3.4498487106293565,0.9768794447729955,3.751070022583008,6.548330783843994,3.751070022583008,0.8309037900874635
150,I,234,S,0,0.261629,A,A,8.403847134519586,0.9680487389961906,3.4110707881291704,0.9759944763992594,3.739999532699585,23.5986385345459,3.739999532699585,0.8313953488372093
220,P,403,V,0,0.261166,A,A,8.38930853016029,0.9679032718632964,3.4063780587870616,0.9758851844783112,3.91001033782959,33.56268310546875,3.91001033782959,0.8318840579710145
40,F,102,V,0,0.260911,A,A,8.381301307457006,0.9647503482274088,3.3094137109508512,0.9735163395446603,2.8688573837280273,22.750661849975586,2.8688573837280273,0.8323699421965318
143,I,173,P,0,0.260441,A,A,8.366542896984287,0.9659795768507228,3.3461816668718223,0.9744398798307276,2.52766489982605,21.942420959472656,2.52766489982605,0.8333333333333334
280,R,455,D,0,0.26006,A,A,8.354579164239382,0.9557778448156088,3.073299594130802,0.9667751457500238,5.7121124267578125,32.117767333984375,5.7121124267578125,0.830945558739255
190,E,438,G,0,0.25964,A,A,8.341390797433972,0.963828940370404,3.282654489767292,0.9728240702143638,4.67770528793335,47.88081741333008,4.67770528793335,0.8314285714285714
25,D,175,A,0,0.258859,A,A,8.316866715350583,0.9633037053075734,3.2676929483250268,0.9724294522149297,5.891683578491211,32.567039489746094,5.891683578491211,0.8290598290598291
273,W,461,P,0,0.257926,A,A,8.28756970051857,0.953115505610654,3.0120490876662176,0.9647748852091299,2.326075553894043,39.73273468017578,2.326075553894043,0.8295454545454546
43,L,95,I,0,0.257893,A,A,8.286533471698142,0.9634382627017056,3.271506145169524,0.9725305474643507,2.760002374649048,26.125869750976562,2.760002374649048,0.830028328611898
175,A,245,L,0,0.256575,A,A,8.245147120627838,0.9635940738495584,3.27593855298897,0.9726476110189501,1.8277338743209839,27.592029571533203,1.8277338743209839,0.8309859154929577
71,D,84,P,0,0.256553,A,A,8.244456301414223,0.955383255698676,3.0640033535093014,0.9664786842626979,11.682951927185059,30.373546600341797,11.682951927185059,0.8286516853932584
263,M,392,V,0,0.254083,A,A,8.166896144249083,0.9622563352671578,3.23846323598317,0.9716425453626177,2.4055027961730957,25.27581214904785,2.4055027961730957,0.8296089385474861
259,L,287,I,0,0.2531739999999999,A,A,8.138352750377376,0.9606500937248308,3.1951166432065303,0.9704357488844374,3.4641318321228027,33.64311981201172,3.4641318321228027,0.83008356545961
13,N,88,A,0,0.25289,A,A,8.129434902347054,0.920524236600595,2.449491217868326,0.9402885127524755,5.371406555175781,40.10747146606445,5.371406555175781,0.8277777777777777
86,E,108,D,0,0.250688,A,A,8.0602901792387,0.955013340146959,3.055359311012629,0.9662007604428536,4.435592174530029,37.6623649597168,4.435592174530029,0.8264462809917356
124,T,138,A,0,0.247744,A,A,7.967846008107455,0.95314842158951,3.0127859341223964,0.964799615541594,3.2510483264923096,7.921912670135498,3.2510483264923096,0.8228882833787466
38,L,105,N,0,0.247646,A,A,7.964768722519527,0.9470903839054706,2.8848094299127016,0.9602481092150974,3.26031756401062,29.096446990966797,3.26031756401062,0.8233695652173914
159,L,177,M,0,0.2474719999999999,A,A,7.959304970557286,0.9500282771207684,2.9450344465085445,0.962455398151452,2.198704957962036,28.526382446289062,2.198704957962036,0.8238482384823849
294,S,409,M,0,0.247281,A,A,7.95330740374816,0.9572182483126676,3.107919770891692,0.9678573452957353,2.653369665145874,24.239118576049805,2.653369665145874,0.8243243243243243
216,N,223,Q,0,0.2468769999999999,A,A,7.94062145091629,0.954940948891296,3.053675628560286,0.9661463716662697,1.7541584968566895,39.942657470703125,1.7541584968566895,0.8247978436657682
205,D,246,V,0,0.245602,A,A,7.900585337399874,0.9563211672260614,3.0862301967431742,0.9671833530801,4.2896575927734375,23.652498245239258,4.2896575927734375,0.8252688172043011
298,I,413,A,0,0.244311,A,A,7.8600468099099166,0.9536117988416636,3.023211527665393,0.9651477587200836,2.793301820755005,31.537004470825195,2.793301820755005,0.8257372654155496
449,S,470,N,0,0.243769,A,A,7.843027536556271,0.931675500392626,2.6127161704387607,0.9486666461258584,27.367937088012695,51.56089401245117,27.367937088012695,0.8235294117647058
166,I,198,I,0,0.24318,A,A,7.824532422155353,0.953646409153366,3.0239942010134198,0.9651737620335148,2.884986400604248,38.43795394897461,2.884986400604248,0.824
129,E,232,K,0,0.243175,A,A,7.824375417788621,0.9453612053797148,2.850822927749199,0.9589489480988905,1.6914348602294922,20.023141860961914,1.6914348602294922,0.824468085106383
77,L,113,L,0,0.2430469999999999,A,A,7.820356106000307,0.9516732404912231,2.9802363067556925,0.9636912869949971,3.449340581893921,19.13915252685547,3.449340581893921,0.8249336870026526
213,I,224,I,0,0.242415,A,A,7.8005107540455025,0.9491596061719298,2.926885775287958,0.9618027509535484,2.24688982963562,33.98066711425781,2.24688982963562,0.8253968253968254
277,S,458,I,0,0.242269,A,A,7.795926226536956,0.9451728888154954,2.8471830606278825,0.9588074626743797,2.6212079524993896,35.17591094970703,2.6212079524993896,0.8258575197889182
366,Q,376,S,0,0.241389,A,A,7.76829345799229,0.951304177770368,2.9722406212766206,0.963414003921425,4.079989433288574,5.009637832641602,4.079989433288574,0.8263157894736842
198,I,212,L,0,0.2398699999999999,A,A,7.720595531379396,0.947183206487787,2.8866633352498985,0.9603178483934731,2.260634422302246,39.4759521484375,2.260634422302246,0.8272251308900523
443,S,449,S,0,0.2398219999999999,A,A,7.719088289458778,0.9467899458893414,2.878829893005406,0.96002238504459,6.50984525680542,41.721771240234375,6.50984525680542,0.825065274151436
206,S,253,L,0,0.238669,A,A,7.682883082490598,0.947402594277014,2.8910573311265697,0.9604826781556343,2.631535768508911,24.097015380859375,2.631535768508911,0.8255208333333334
128,T,138,A,0,0.2385929999999999,A,A,7.680496616116286,0.943689689296082,2.818919736148641,0.9576931097521698,6.578355312347412,13.368698120117188,6.578355312347412,0.8238341968911918
335,E,402,R,0,0.23853,A,A,7.678518361095476,0.949395892403464,2.9317931287936583,0.9619802768016502,5.188594818115234,21.01416778564453,5.188594818115234,0.8217054263565892
222,P,441,Y,0,0.238339,A,A,7.672520794286349,0.9498034576695128,2.9403089300801675,0.9622864874896043,1.9469454288482666,34.72286605834961,1.9469454288482666,0.8221649484536082
452,N,469,V,0,0.238096,A,A,7.66489038206322,0.930183372644471,2.589509545935008,0.9475455852741635,22.619728088378906,45.2958984375,22.619728088378906,0.8200514138817481
215,D,435,T,0,0.237594,A,A,7.6491271436434225,0.946341419504212,2.8699620215345067,0.959685399574048,1.7915040254592896,44.43898010253906,1.7915040254592896,0.8205128205128205
307,L,417,L,0,0.237508,A,A,7.646426668535648,0.949833681341748,2.940943038543854,0.9623091950465003,3.2063257694244385,34.52685546875,3.2063257694244385,0.8209718670076727
47,E,118,K,0,0.237165,A,A,7.635656168977898,0.9402630091685305,2.756208192680208,0.9551185869292891,5.64436674118042,6.916127681732178,5.64436674118042,0.8188775510204082
219,S,434,Q,0,0.236228,A,A,7.6062335506525,0.9486148076922006,2.9156527798112784,0.9613934346276223,1.7940105199813843,40.511390686035156,1.7940105199813843,0.8202531645569621
319,N,375,S,0,0.2351639999999999,A,A,7.572823021412131,0.94121044189809,2.773202495197081,0.9558304091871601,2.359041690826416,11.197421073913574,2.359041690826416,0.8207070707070707
61,L,78,D,0,0.2333739999999999,A,A,7.5166154581224145,0.9471768173445768,2.886535629103589,0.9603130481219564,5.805063247680664,13.471990585327148,5.805063247680664,0.818639798488665
445,N,457,I,0,0.2332949999999999,A,A,7.514134789128064,0.9489202859184152,2.921937363417838,0.9616229455933406,8.999176979064941,40.73278045654297,8.999176979064941,0.8165829145728644
16,L,92,I,0,0.232531,A,A,7.49014452189156,0.9245809375333768,2.5062805334335287,0.9433363808779754,3.4844114780426025,39.7768669128418,3.4844114780426025,0.8170426065162907
408,S,424,M,0,0.2321239999999999,A,A,7.477364366439652,0.943409146487358,2.813652692606896,0.9574823331879823,6.179247856140137,33.48297119140625,6.179247856140137,0.815
263,M,397,M,0,0.230735,A,A,7.433748553361767,0.9265596343411182,2.5350046835209445,0.9448230093059201,4.284505844116211,22.701921463012695,4.284505844116211,0.8154613466334164
221,F,430,H,0,0.2291949999999999,A,A,7.385391208408603,0.9338148699678968,2.646822390716297,0.9502739907256145,2.3119187355041504,41.018310546875,2.3119187355041504,0.8143564356435643
164,I,174,A,0,0.228975,A,A,7.378483016272437,0.9316236512356204,2.611901938911352,0.9486276909759497,1.8555246591567993,34.559513092041016,1.8555246591567993,0.812807881773399
291,L,427,V,0,0.228733,A,A,7.370884004922654,0.9376444360210636,2.71051790508852,0.9531512085687203,3.5283312797546387,35.898414611816406,3.5283312797546387,0.8137254901960784
389,S,398,G,0,0.228606,A,A,7.366896094007685,0.9324167397754374,2.6244195378581194,0.9492235518296975,3.6298329830169678,22.750293731689453,3.6298329830169678,0.8141809290953546
264,Q,280,R,0,0.227994,A,A,7.3476787595198045,0.929734683470006,2.582620945508231,0.9472084774972362,3.382608413696289,27.138050079345703,3.382608413696289,0.8150851581508516
210,E,253,L,0,0.227266,A,A,7.324818923723763,0.9376394821816452,2.7104331799224752,0.9531474866652543,2.7259156703948975,28.482810974121094,2.7259156703948975,0.8155339805825242
70,L,84,P,0,0.227075,A,A,7.318821356914637,0.9052494943293844,2.2569634092065067,0.928812340151868,10.595571517944336,27.235218048095703,10.595571517944336,0.8135593220338984
20,K,158,K,0,0.226969,A,A,7.315492864339939,0.9233163208895696,2.488282988235184,0.9423862529726892,5.087550163269043,41.0556755065918,5.087550163269043,0.8115942028985508
85,V,101,A,0,0.226248,A,A,7.292852834657322,0.9319709333670853,2.617366562495669,0.948888609923781,6.025908946990967,26.247621536254883,6.025908946990967,0.8096385542168675
17,V,29,K,0,0.225553,A,A,7.271029227681706,0.9233267849665616,2.488430788306956,0.9423941148109797,7.311969757080078,27.30317497253418,7.311969757080078,0.8076923076923077
21,L,95,I,0,0.2251,A,A,7.256804632055872,0.9254806802335522,2.519254839354886,0.9440123728089693,2.518965482711792,29.185680389404297,2.518965482711792,0.8081534772182254
25,D,147,L,0,0.224374,A,A,7.2340075980065235,0.9211961076066212,2.458710551087604,0.9407933008198351,6.152260780334473,26.687223434448242,6.152260780334473,0.80622009569378
339,E,402,R,0,0.2236719999999999,A,A,7.211964184917483,0.9304234382700712,2.593212038621801,0.9477259506450447,2.2790544033050537,15.879962921142578,2.2790544033050537,0.8066825775656324
162,K,196,K,0,0.223281,A,A,7.199686443439116,0.927625176559596,2.550769250246021,0.9456235692234208,7.863308429718018,35.274200439453125,7.863308429718018,0.8047619047619048
138,A,228,E,0,0.222072,A,A,7.161722787563547,0.9294847793027337,2.578801848951365,0.947020720263346,2.387454032897949,11.8803071975708,2.387454032897949,0.8033175355450237
226,N,394,Q,0,0.221378,A,A,7.139930581461278,0.9291158626017992,2.573186772120903,0.9467435468970138,2.743828535079956,23.705801010131836,2.743828535079956,0.8037825059101655
139,F,252,V,0,0.219869,A,A,7.092546663581847,0.921635077954282,2.4647729468870248,0.9411231066775614,2.6894750595092773,20.342975616455078,2.6894750595092773,0.8047058823529412
392,V,398,G,0,0.219332,A,A,7.075684394594933,0.9240437284762378,2.498601595705161,0.9429327666137952,3.640211582183838,21.03531837463379,3.640211582183838,0.8051643192488263
135,P,153,R,0,0.219295,A,A,7.074522562281121,0.923242386793147,2.487239231178674,0.9423307050337092,2.0715229511260986,18.78770637512207,2.0715229511260986,0.8056206088992974
190,E,215,D,0,0.21873,A,A,7.056781068840514,0.9227834536897824,2.4807808310818027,0.9419859008194823,4.993713855743408,46.72075271606445,4.993713855743408,0.8041958041958042
166,I,209,L,0,0.21866,A,A,7.054583007706278,0.9249159290943736,2.5110944147619056,0.9435880657120294,2.340172529220581,34.767494201660156,2.340172529220581,0.8046511627906977
143,I,247,D,0,0.218156,A,A,7.038756967539788,0.9199718304722586,2.441964358731151,0.9398734806712881,2.1763229370117188,19.310958862304688,2.1763229370117188,0.8051044083526682
407,I,427,V,0,0.2180969999999999,A,A,7.036904316012362,0.9254798773434618,2.5192431976199305,0.9440117695840445,6.302084445953369,34.734554290771484,6.302084445953369,0.8032407407407407
209,L,246,V,0,0.218038,A,A,7.035051664484936,0.923198812502578,2.4866245072288704,0.9422979669311187,2.1567161083221436,29.963125228881836,2.1567161083221436,0.8036951501154734
237,L,243,A,0,0.2174869999999999,A,A,7.0177497832711735,0.9188375306596676,2.426656377377351,0.9390212620086749,2.9320766925811768,29.27370834350586,2.9320766925811768,0.804147465437788
191,V,213,I,0,0.217482,A,A,7.017592778904443,0.9229780711183728,2.4835153039733333,0.9421321201901226,4.59109354019165,36.795799255371094,4.59109354019165,0.8045977011494253
295,S,420,I,0,0.21653,A,A,6.987699147478852,0.9214765011597116,2.4625793478676243,0.9410039652457369,2.1740760803222656,35.17757797241211,2.1740760803222656,0.8036529680365296
455,D,465,K,0,0.2151679999999999,A,A,6.944931157981311,0.9133520265774764,2.355267749756055,0.9348999098751457,15.505792617797852,35.393856048583984,15.505792617797852,0.8018223234624146
289,I,384,V,0,0.214794,A,A,6.93318723134983,0.9198763351897062,2.4406679914681773,0.9398017334479533,2.173158884048462,21.498714447021484,2.173158884048462,0.8022727272727272
408,S,420,I,0,0.2136719999999999,A,A,6.897955451455381,0.9185321433819847,2.4225683544326677,0.9387918193741289,4.077764987945557,35.040225982666016,4.077764987945557,0.8009049773755657
48,M,152,Q,0,0.2135159999999999,A,A,6.893056915213372,0.916396486222476,2.3943635662056915,0.9371872639752179,2.194617986679077,18.014314651489258,2.194617986679077,0.801354401805869
195,L,209,L,0,0.212821,A,A,6.871233308237757,0.9180325296539056,2.415910359885157,0.9384164511174824,2.295410394668579,33.53717803955078,2.295410394668579,0.7986577181208053
200,L,208,T,0,0.212382,A,A,6.857448324838771,0.916417808469724,2.394641906039394,0.9372032837407436,3.043262004852295,34.59335708618164,3.043262004852295,0.7991071428571429
70,L,107,L,0,0.210312,A,A,6.792448517012115,0.9118084053647384,2.3359182266155623,0.9337401611112842,2.200507164001465,30.374711990356445,2.200507164001465,0.7947019867549668
176,I,188,I,0,0.209182,A,A,6.756965530130898,0.909577931533008,2.3084923225991547,0.9320643683404745,3.2556841373443604,38.26471710205078,3.2556841373443604,0.7916666666666666
32,K,40,F,0,0.208419,A,A,6.733006663767739,0.911595837795948,2.3332776792468835,0.9335804554962619,1.831905722618103,14.936031341552734,1.831905722618103,0.7903930131004366
334,M,378,L,0,0.206948,A,A,6.686815979075464,0.9041690306939854,2.244430420615733,0.9280005695210869,3.054546356201172,14.302693367004395,3.054546356201172,0.789587852494577
244,I,253,L,0,0.20542,A,A,6.638835444602455,0.9052971648095036,2.2575193103099838,0.9288481557910512,1.8121962547302246,30.604454040527344,1.8121962547302246,0.7904967602591793
242,V,437,F,0,0.203723,A,A,6.585548162533937,0.9006862361660782,2.204872787364307,0.9253838869987214,6.476686000823975,36.11228561401367,6.476686000823975,0.7872340425531915
